0.8666666666666666,1.0,0.8666666666666666,0.8666666666666666,1.0,1.0,1.0,1.0,1.0,0.13333333333333333,1.0,1.0,1.0,1.0,0.13333333333333333,0.13333333333333333,1.0,1.0,0.29411764705882354,0.47058823529411764,0.2222222222222222,0.2777777777777778,1,9
0.9333333333333332,1.0,1.0,1.0,1.0,1.0,1.0,1.0,0.9333333333333332,1.0,1.0,1.0,1.0,1.0,0.06666666666666667,1.0,1.0,0.0,0.4,0.2,0.2,0.4,1,5
1.0,1.0,1.0,1.0,1.0,0.0,1.0,1.0,1.0,1.0,1.0,1.0,1.0,1.0,1.0,1.0,1.0,1.0,0.4,0.2,0.5714285714285714,0.14285714285714285,0,4
1.0,1.0,1.0,1.0,1.0,0.0,1.0,1.0,1.0,1.0,1.0,1.0,1.0,1.0,1.0,1.0,1.0,0.0,0.3888888888888889,0.4444444444444444,0.8,0.4,1,5
1.0,1.0,1.0,1.0,1.0,1.0,0.0,1.0,1.0,0.0,0.0,0.0,1.0,1.0,0.0,0.0,0.0,0.0,0.4074074074074074,0.6296296296296297,0.6,0.5333333333333333,1,52
1.0,1.0,1.0,1.0,1.0,1.0,1.0,1.0,1.0,1.0,1.0,1.0,1.0,1.0,1.0,1.0,1.0,1.0,0.38461538461538464,0.38461538461538464,0.4,0.4,1,1
1.0,1.0,1.0,1.0,1.0,1.0,1.0,1.0,1.0,1.0,0.3,1.0,1.0,1.0,1.0,1.0,1.0,1.0,0.3888888888888889,0.4444444444444444,0.2631578947368421,0.3157894736842105,1,4
0.0,0.0,0.0,1.0,1.0,1.0,1.0,1.0,1.0,1.0,1.0,1.0,1.0,1.0,1.0,1.0,1.0,1.0,0.29411764705882354,0.47058823529411764,0.2222222222222222,0.2777777777777778,0,8
1.0,1.0,1.0,1.0,1.0,1.0,1.0,1.0,1.0,1.0,1.0,1.0,1.0,0.8369565217391304,1.0,0.9710144927536232,1.0,0.0,0.3333333333333333,0.2916666666666667,0.6,0.6,1,23
1.0,1.0,1.0,1.0,1.0,0.8705547652916074,1.0,1.0,1.0,1.0,1.0,1.0,1.0,1.0,1.0,1.0,1.0,1.0,0.4,0.7333333333333333,0.3103448275862069,0.7931034482758621,,37
1.0,1.0,1.0,1.0,1.0,1.0,1.0,1.0,1.0,1.0,1.0,1.0,1.0,1.0,1.0,1.0,1.0,0.0,,,0.4117647058823529,0.35294117647058826,1,5
1.0,1.0,1.0,1.0,1.0,1.0,1.0,1.0,1.0,1.0,0.7307692307692307,1.0,1.0,1.0,1.0,1.0,1.0,1.0,0.45,0.4,0.38095238095238093,0.23809523809523808,1,12
1.0,1.0,1.0,1.0,1.0,1.0,1.0,1.0,1.0,1.0,0.0,1.0,1.0,1.0,0.9615384615384616,1.0,1.0,0.8717948717948718,0.45,0.4,0.38095238095238093,0.23809523809523808,1,12
1.0,1.0,1.0,1.0,1.0,1.0,1.0,1.0,1.0,1.0,0.0,1.0,1.0,1.0,1.0,1.0,1.0,1.0,0.4375,0.375,0.35714285714285715,0.2857142857142857,1,2
0.42857142857142855,1.0,1.0,1.0,1.0,0.42857142857142855,1.0,1.0,1.0,1.0,1.0,1.0,1.0,1.0,0.2857142857142857,1.0,1.0,0.7142857142857143,0.3888888888888889,0.4444444444444444,0.2631578947368421,0.3157894736842105,0,6
1.0,1.0,1.0,1.0,1.0,0.8571428571428571,1.0,1.0,1.0,1.0,1.0,1.0,1.0,1.0,1.0,1.0,1.0,1.0,0.3157894736842105,0.5263157894736842,0.25,0.35,1,6
1.0,1.0,1.0,1.0,0.0,0.0,1.0,1.0,1.0,1.0,1.0,1.0,1.0,1.0,0.9818181818181819,1.0,1.0,0.0,0.4,0.1,0.21052631578947367,0.2631578947368421,1,10
1.0,1.0,1.0,1.0,1.0,1.0,1.0,1.0,1.0,1.0,0.0,1.0,1.0,1.0,1.0,1.0,1.0,1.0,,,0.4,0.6,0,1
1.0,1.0,1.0,1.0,1.0,1.0,1.0,1.0,1.0,1.0,1.0,1.0,1.0,1.0,1.0,1.0,1.0,0.21428571428571427,0.3333333333333333,0.1111111111111111,0.5,0.5,3,7
1.0,1.0,1.0,1.0,1.0,1.0,1.0,1.0,1.0,1.0,1.0,1.0,1.0,1.0,1.0,1.0,1.0,1.0,0.3888888888888889,0.3333333333333333,0.5714285714285714,0.42857142857142855,2,3
0.39615384615384613,1.0,1.0,0.5451923076923076,1.0,0.5451923076923076,0.5451923076923076,1.0,1.0,0.4548076923076923,1.0,1.0,0.4548076923076923,1.0,1.0,1.0,1.0,1.0,0.4146341463414634,0.6585365853658537,0.46153846153846156,0.6923076923076923,19,64
1.0,0.6,1.0,1.0,1.0,1.0,1.0,1.0,1.0,1.0,1.0,1.0,1.0,1.0,1.0,1.0,1.0,1.0,0.44680851063829785,0.5957446808510638,0.4418604651162791,0.5813953488372093,3,4
0.7304439746300211,1.0,1.0,1.0,0.7304439746300211,0.7304439746300211,0.3974630021141649,1.0,1.0,1.0,1.0,1.0,1.0,1.0,1.0,1.0,1.0,1.0,0.4406779661016949,0.6440677966101694,0.6153846153846154,0.41025641025641024,2,43
1.0,1.0,1.0,1.0,1.0,1.0,1.0,1.0,1.0,1.0,1.0,1.0,1.0,1.0,1.0,1.0,1.0,1.0,0.3142857142857143,0.22857142857142856,0.5333333333333333,0.6,2,25
1.0,1.0,1.0,1.0,1.0,1.0,1.0,1.0,1.0,1.0,1.0,1.0,1.0,1.0,1.0,1.0,1.0,1.0,0.4444444444444444,0.1111111111111111,0.2,0.1,2,8
0.0,1.0,1.0,0.0,1.0,1.0,1.0,1.0,1.0,1.0,1.0,1.0,1.0,1.0,1.0,1.0,1.0,0.0,,,0.5,0.5833333333333334,2,7
1.0,1.0,1.0,1.0,1.0,1.0,1.0,1.0,1.0,1.0,1.0,1.0,1.0,1.0,1.0,1.0,1.0,1.0,0.3880597014925373,0.6119402985074627,0.39215686274509803,0.5686274509803921,5,7
1.0,1.0,1.0,1.0,1.0,1.0,1.0,1.0,1.0,1.0,1.0,1.0,1.0,0.0,1.0,0.0,1.0,0.0,0.4098360655737705,0.5737704918032787,0.44,0.56,9,13
1.0,1.0,1.0,1.0,1.0,1.0,1.0,1.0,1.0,1.0,1.0,1.0,1.0,1.0,1.0,1.0,1.0,1.0,0.29411764705882354,0.5294117647058824,0.2222222222222222,0.3333333333333333,2,5
1.0,1.0,1.0,1.0,1.0,1.0,1.0,1.0,1.0,1.0,1.0,1.0,1.0,1.0,1.0,1.0,1.0,1.0,0.5217391304347826,0.43478260869565216,0.5238095238095238,0.3333333333333333,0,7
1.0,1.0,1.0,1.0,1.0,1.0,1.0,1.0,1.0,0.242914979757085,1.0,1.0,0.0,1.0,0.242914979757085,1.0,0.242914979757085,1.0,0.3684210526315789,0.5964912280701754,0.3829787234042553,0.574468085106383,1,38
1.0,1.0,1.0,1.0,1.0,1.0,1.0,1.0,1.0,1.0,1.0,1.0,1.0,1.0,1.0,1.0,1.0,1.0,0.4074074074074074,0.6296296296296297,0.4,0.5777777777777777,0,1
1.0,1.0,1.0,1.0,1.0,1.0,1.0,1.0,1.0,1.0,1.0,1.0,1.0,1.0,1.0,1.0,1.0,1.0,0.3235294117647059,0.23529411764705882,0.2727272727272727,0.15151515151515152,0,3
1.0,1.0,1.0,1.0,0.6461538461538461,0.6461538461538461,0.6461538461538461,1.0,1.0,0.7107692307692306,0.9323076923076921,1.0,0.9323076923076921,1.0,0.6738461538461539,1.0,1.0,1.0,0.47368421052631576,0.6842105263157895,0.3333333333333333,0.7037037037037037,10,25
1.0,1.0,1.0,1.0,0.7447447447447448,0.7447447447447448,0.7447447447447448,1.0,1.0,0.7927927927927929,1.0,1.0,0.7927927927927929,1.0,0.7927927927927929,1.0,1.0,1.0,0.47368421052631576,0.6842105263157895,0.3333333333333333,0.7037037037037037,23,36
1.0,1.0,1.0,1.0,1.0,1.0,1.0,1.0,1.0,1.0,1.0,1.0,0.0,1.0,0.0,1.0,1.0,1.0,0.4,0.7333333333333333,0.3103448275862069,0.7931034482758621,,7
0.00966183574879227,0.00966183574879227,1.0,1.0,0.9835748792270532,1.0,1.0,1.0,1.0,1.0,1.0,1.0,0.07536231884057971,1.0,1.0,0.07536231884057971,1.0,0.07536231884057971,0.4827586206896552,0.4827586206896552,0.5609756097560976,0.4146341463414634,3,45
1.0,1.0,1.0,1.0,1.0,1.0,1.0,1.0,1.0,1.0,1.0,1.0,1.0,1.0,1.0,1.0,1.0,1.0,0.0,0.0,0.07692307692307693,0.38461538461538464,0,1
1.0,1.0,1.0,1.0,0.9555555555555555,0.0,0.0,0.0,1.0,1.0,1.0,1.0,1.0,1.0,1.0,1.0,1.0,1.0,0.5,0.375,0.3103448275862069,0.20689655172413793,0,9
0.0,0.10714285714285714,0.0,1.0,0.0,0.0,0.0,1.0,0.8571428571428571,1.0,1.0,1.0,1.0,1.0,1.0,1.0,1.0,1.0,0.5882352941176471,0.4117647058823529,0.74,0.28,3,7
1.0,1.0,1.0,1.0,1.0,1.0,1.0,1.0,1.0,1.0,1.0,1.0,1.0,1.0,1.0,1.0,1.0,1.0,0.3157894736842105,0.5263157894736842,0.25,0.35,0,2
1.0,1.0,1.0,1.0,1.0,1.0,1.0,1.0,1.0,1.0,1.0,1.0,1.0,1.0,1.0,1.0,1.0,1.0,0.4146341463414634,0.6585365853658537,0.46153846153846156,0.6923076923076923,0,50
0.0,0.0,0.0,0.0,0.0,0.0,1.0,1.0,0.0,0.0,0.0,0.0,0.0,0.0,1.0,0.0,1.0,1.0,0.4222222222222222,0.6222222222222222,0.4186046511627907,0.6046511627906976,22,35
1.0,1.0,1.0,1.0,1.0,1.0,1.0,1.0,1.0,0.0,0.0,0.0,0.0,0.0,1.0,0.0,1.0,1.0,0.4444444444444444,0.6031746031746031,0.44680851063829785,0.6170212765957447,21,22
0.0,0.0,0.0,0.0,0.0,0.0,0.0,0.024886877828054297,0.0,0.0,0.0,0.0,0.0,0.0,0.0,0.0,0.0,1.0,0.3958333333333333,0.5416666666666666,0.4418604651162791,0.5581395348837209,33,51
1.0,1.0,1.0,1.0,1.0,1.0,1.0,1.0,1.0,0.0,0.0,0.0,1.0,1.0,1.0,0.0,1.0,0.0,0.4146341463414634,0.6585365853658537,0.46153846153846156,0.8461538461538461,16,32
0.0,0.0,0.0,0.0,0.0,0.0,0.0,0.0,0.0,0.0,0.0,0.0,0.0,0.0,0.0,0.0,0.0,0.0,0.4146341463414634,0.6585365853658537,0.46153846153846156,0.6923076923076923,6,24
1.0,1.0,1.0,1.0,1.0,1.0,1.0,1.0,1.0,1.0,1.0,1.0,1.0,1.0,1.0,1.0,1.0,1.0,0.3469387755102041,0.5714285714285714,0.3695652173913043,0.5434782608695652,2,5
1.0,1.0,1.0,1.0,1.0,1.0,1.0,1.0,1.0,0.4559139784946237,1.0,0.4559139784946237,1.0,1.0,1.0,1.0,1.0,1.0,0.5789473684210527,0.47368421052631576,0.5238095238095238,0.42857142857142855,0,30
1.0,1.0,1.0,1.0,1.0,1.0,1.0,1.0,1.0,0.0,0.0,1.0,1.0,1.0,1.0,0.0,1.0,0.0,0.5588235294117647,0.5,0.5,0.75,0,17
1.0,1.0,1.0,1.0,1.0,1.0,1.0,1.0,1.0,1.0,1.0,1.0,1.0,1.0,1.0,1.0,1.0,1.0,,,,,0,1
0.0,0.0,0.0,0.0,0.0,0.0,0.0,0.0,1.0,0.0,0.0,0.0,1.0,1.0,1.0,1.0,0.0,0.0,0.4909090909090909,0.5272727272727272,0.46153846153846156,0.5384615384615384,29,38
1.0,1.0,1.0,1.0,1.0,1.0,1.0,1.0,1.0,1.0,1.0,1.0,1.0,1.0,1.0,1.0,1.0,0.0,0.0,0.0,0.36363636363636365,0.45454545454545453,5,14
1.0,1.0,1.0,1.0,0.7,0.7,0.7,0.7,0.7,1.0,1.0,1.0,1.0,1.0,0.7,0.7,0.7,1.0,,,0.35714285714285715,0.2857142857142857,0,4
1.0,1.0,1.0,1.0,0.7,0.7,0.7,0.7,0.7,1.0,1.0,1.0,1.0,1.0,0.7,0.7,0.7,0.0,,,0.35714285714285715,0.2857142857142857,0,4
1.0,1.0,1.0,1.0,1.0,0.0,1.0,1.0,1.0,1.0,1.0,1.0,1.0,1.0,1.0,1.0,1.0,0.0,0.5,0.45454545454545453,0.45,0.35,0,5
1.0,1.0,1.0,1.0,1.0,1.0,1.0,1.0,1.0,1.0,1.0,1.0,1.0,1.0,1.0,1.0,1.0,1.0,0.4722222222222222,0.2777777777777778,0.4411764705882353,0.2647058823529412,1,22
1.0,0.8620689655172414,1.0,0.3793103448275862,0.12643678160919541,0.12643678160919541,1.0,1.0,1.0,1.0,0.20919540229885059,1.0,1.0,1.0,1.0,1.0,1.0,1.0,0.5769230769230769,0.5,0.575,0.5,9,29
1.0,1.0,1.0,0.7600806451612903,1.0,0.18346774193548387,0.18346774193548387,1.0,1.0,1.0,0.9294354838709677,0.9133064516129032,0.939516129032258,1.0,0.5463709677419355,1.0,0.939516129032258,1.0,0.4146341463414634,0.6585365853658537,0.46153846153846156,0.6923076923076923,12,31
1.0,1.0,1.0,1.0,1.0,1.0,1.0,1.0,1.0,0.0,0.0,0.0,0.0,1.0,1.0,1.0,1.0,1.0,0.4146341463414634,0.6585365853658537,0.46153846153846156,0.6923076923076923,17,23
1.0,1.0,1.0,1.0,1.0,1.0,1.0,1.0,1.0,0.2971428571428571,1.0,1.0,0.2971428571428571,1.0,1.0,1.0,1.0,1.0,0.3617021276595745,0.5957446808510638,0.37209302325581395,0.6046511627906976,0,49
1.0,1.0,1.0,1.0,1.0,0.0,1.0,1.0,1.0,1.0,1.0,1.0,1.0,1.0,1.0,1.0,1.0,1.0,0.3333333333333333,0.0,0.5,0.2727272727272727,0,1
1.0,1.0,1.0,1.0,1.0,1.0,1.0,1.0,1.0,1.0,1.0,1.0,1.0,1.0,1.0,1.0,1.0,1.0,0.5217391304347826,0.43478260869565216,0.4,0.2,0,1
1.0,1.0,1.0,1.0,1.0,1.0,1.0,1.0,1.0,1.0,1.0,1.0,1.0,1.0,1.0,1.0,1.0,1.0,0.5,0.45454545454545453,0.4166666666666667,0.25,0,1
1.0,1.0,1.0,1.0,1.0,1.0,1.0,1.0,1.0,1.0,1.0,1.0,1.0,1.0,1.0,1.0,1.0,0.0,0.40625,0.4375,0.4,0.4,0,1
1.0,1.0,1.0,1.0,1.0,1.0,1.0,1.0,1.0,1.0,1.0,1.0,1.0,1.0,1.0,1.0,1.0,0.0,0.40625,0.4375,0.4,0.4,0,1
0.0,0.0,0.0,1.0,1.0,1.0,1.0,1.0,1.0,0.0,0.0,0.0,1.0,1.0,1.0,0.0,1.0,0.0,0.56,0.52,0.5,0.6111111111111112,0,15
1.0,1.0,1.0,1.0,1.0,1.0,1.0,1.0,1.0,0.0,0.0,0.0,0.0,0.0,0.0,0.0,0.0,0.0,0.39285714285714285,0.7142857142857143,0.5263157894736842,0.5263157894736842,1,6
1.0,1.0,1.0,1.0,1.0,1.0,1.0,1.0,1.0,0.0,0.0,0.0,0.0,0.0,1.0,1.0,0.0,0.0,0.4146341463414634,0.6585365853658537,0.4117647058823529,0.47058823529411764,1,8
1.0,1.0,1.0,1.0,1.0,1.0,1.0,1.0,1.0,0.0,0.0,0.0,1.0,1.0,0.0,0.0,0.0,1.0,0.37037037037037035,0.7037037037037037,0.4117647058823529,0.47058823529411764,,5
1.0,1.0,1.0,1.0,1.0,1.0,1.0,1.0,1.0,1.0,1.0,1.0,1.0,1.0,1.0,1.0,1.0,1.0,0.5217391304347826,0.43478260869565216,0.5,0.5,0,1
1.0,1.0,1.0,1.0,1.0,1.0,1.0,1.0,1.0,1.0,1.0,1.0,1.0,1.0,1.0,1.0,1.0,1.0,0.4166666666666667,0.4583333333333333,0.3684210526315789,0.47368421052631576,6,24
1.0,1.0,1.0,1.0,1.0,1.0,1.0,1.0,1.0,0.0,1.0,1.0,1.0,1.0,1.0,0.0,1.0,1.0,0.5517241379310345,0.5,0.5384615384615384,0.5384615384615384,0,1
1.0,1.0,1.0,1.0,1.0,1.0,1.0,1.0,1.0,1.0,1.0,1.0,1.0,1.0,1.0,0.0,1.0,0.0,0.4406779661016949,0.6440677966101694,0.38461538461538464,0.5384615384615384,9,15
0.0,0.0,1.0,1.0,1.0,1.0,1.0,0.0,1.0,1.0,1.0,1.0,1.0,1.0,1.0,1.0,1.0,0.0,0.47368421052631576,0.543859649122807,0.4375,0.5,1,2
1.0,1.0,1.0,1.0,1.0,0.0,1.0,1.0,1.0,1.0,1.0,1.0,1.0,1.0,1.0,1.0,1.0,0.0,0.40625,0.609375,0.4117647058823529,0.35294117647058826,0,2
1.0,1.0,1.0,1.0,1.0,1.0,1.0,1.0,0.9934640522875817,1.0,1.0,1.0,1.0,1.0,0.9934640522875817,0.09803921568627451,1.0,0.0,0.3880597014925373,0.6119402985074627,0.3684210526315789,0.47368421052631576,13,17
1.0,1.0,1.0,1.0,1.0,1.0,1.0,1.0,1.0,1.0,1.0,1.0,1.0,1.0,1.0,1.0,1.0,1.0,,,,,0,16
0.45,1.0,1.0,1.0,0.9166666666666667,1.0,0.9166666666666667,1.0,1.0,1.0,1.0,1.0,1.0,1.0,1.0,1.0,1.0,1.0,,,0.5208333333333334,0.3541666666666667,13,15
1.0,1.0,1.0,1.0,1.0,1.0,1.0,1.0,1.0,1.0,1.0,1.0,1.0,1.0,1.0,1.0,1.0,1.0,0.5,0.45454545454545453,0.45,0.35,0,1
1.0,1.0,1.0,1.0,1.0,1.0,1.0,1.0,1.0,1.0,1.0,1.0,1.0,1.0,1.0,1.0,1.0,1.0,0.4074074074074074,0.4444444444444444,0.32,0.36,0,2
1.0,1.0,1.0,1.0,1.0,1.0,1.0,1.0,1.0,1.0,1.0,1.0,1.0,1.0,1.0,1.0,1.0,1.0,0.40625,0.4375,0.39285714285714285,0.39285714285714285,1,3
1.0,1.0,1.0,1.0,0.0,0.0,1.0,1.0,0.0,1.0,1.0,1.0,1.0,1.0,1.0,1.0,1.0,0.0,0.574468085106383,0.46808510638297873,0.5789473684210527,0.5,0,10
1.0,1.0,1.0,1.0,1.0,1.0,1.0,1.0,1.0,1.0,1.0,1.0,1.0,1.0,1.0,1.0,1.0,1.0,0.3142857142857143,0.22857142857142856,0.6285714285714286,0.5142857142857142,2,4
0.0,1.0,1.0,1.0,1.0,0.0,1.0,1.0,1.0,1.0,1.0,1.0,1.0,1.0,1.0,1.0,1.0,1.0,0.49056603773584906,0.5283018867924528,0.4358974358974359,0.5128205128205128,0,15
1.0,1.0,1.0,1.0,1.0,1.0,1.0,1.0,1.0,1.0,1.0,1.0,1.0,1.0,1.0,1.0,1.0,1.0,,,,,0,1
1.0,1.0,1.0,1.0,0.0,0.0,1.0,1.0,0.0,1.0,1.0,1.0,1.0,1.0,1.0,1.0,1.0,0.0,0.5185185185185185,0.5370370370370371,0.47619047619047616,0.47619047619047616,0,1
1.0,1.0,1.0,1.0,1.0,1.0,1.0,1.0,1.0,1.0,1.0,1.0,1.0,1.0,1.0,1.0,1.0,1.0,0.3684210526315789,0.5964912280701754,0.3829787234042553,0.574468085106383,0,11
1.0,1.0,1.0,1.0,1.0,1.0,1.0,1.0,1.0,0.5292307692307692,1.0,1.0,0.5292307692307692,1.0,1.0,1.0,1.0,1.0,0.4146341463414634,0.6585365853658537,0.46153846153846156,0.6923076923076923,10,25
1.0,1.0,1.0,1.0,1.0,1.0,1.0,1.0,1.0,0.6043956043956044,0.6043956043956044,1.0,1.0,1.0,1.0,1.0,0.8791208791208792,1.0,0.35294117647058826,0.35294117647058826,0.42857142857142855,0.5,10,13
1.0,1.0,1.0,1.0,0.9242424242424243,0.681818181818182,1.0,1.0,1.0,0.0,0.16666666666666666,1.0,0.0,1.0,1.0,0.5757575757575758,0.0,1.0,0.35294117647058826,0.7058823529411765,0.42857142857142855,0.5714285714285714,0,11
1.0,1.0,1.0,1.0,0.0,1.0,1.0,1.0,1.0,1.0,1.0,1.0,1.0,1.0,1.0,1.0,1.0,1.0,,,0.4,0.26666666666666666,0,2
0.0,0.0,0.44958371877890835,0.44958371877890835,0.0,0.0,0.0,0.44958371877890835,0.44958371877890835,0.0,0.0,0.0,0.0,0.0,0.0,0.0,0.0,0.0,0.375,0.5694444444444444,0.39622641509433965,0.5660377358490566,15,46
0.0,0.0,0.0,1.0,1.0,1.0,1.0,1.0,0.6600790513833992,0.0,0.0,0.0,0.0,0.0,0.0,0.0,0.0,0.0,0.4074074074074074,0.6296296296296297,0.4583333333333333,0.6666666666666666,1,22
1.0,1.0,1.0,1.0,1.0,0.0,0.0,0.0,1.0,0.0,0.0,1.0,1.0,1.0,1.0,1.0,1.0,0.0,0.5087719298245614,0.47368421052631576,0.5,0.4523809523809524,2,4
0.0,1.0,1.0,1.0,0.0,0.0,1.0,1.0,1.0,1.0,1.0,1.0,1.0,1.0,1.0,1.0,1.0,1.0,0.40625,0.4375,0.39285714285714285,0.39285714285714285,0,2
1.0,1.0,1.0,1.0,1.0,1.0,1.0,1.0,1.0,1.0,1.0,1.0,1.0,1.0,1.0,1.0,1.0,1.0,0.2727272727272727,0.2727272727272727,0.5,0.4666666666666667,9,13
1.0,1.0,1.0,1.0,1.0,1.0,1.0,1.0,1.0,1.0,1.0,1.0,1.0,1.0,1.0,1.0,1.0,1.0,0.6,0.45714285714285713,0.53125,0.46875,1,5
1.0,1.0,1.0,1.0,1.0,1.0,1.0,1.0,1.0,1.0,0.0,1.0,1.0,1.0,1.0,1.0,1.0,0.0,,,0.45454545454545453,0.6363636363636364,0,34
0.8547008547008546,0.8205128205128204,1.0,0.8290598290598289,0.8290598290598289,0.8290598290598289,1.0,1.0,1.0,0.9686609686609687,0.8148148148148147,1.0,1.0,1.0,1.0,1.0,1.0,1.0,0.47368421052631576,0.543859649122807,0.4222222222222222,0.5111111111111111,5,26
1.0,1.0,1.0,1.0,1.0,1.0,1.0,1.0,1.0,1.0,1.0,1.0,1.0,1.0,1.0,1.0,1.0,1.0,0.5588235294117647,0.5,0.3181818181818182,0.18181818181818182,0,1
0.8502024291497977,1.0,1.0,0.8502024291497977,1.0,0.8502024291497977,1.0,1.0,1.0,0.43859649122807015,1.0,1.0,1.0,1.0,1.0,1.0,1.0,1.0,0.7,0.6,0.675,0.45,34,38
0.0,0.3977272727272727,1.0,0.0,1.0,0.3977272727272727,0.3977272727272727,0.0,1.0,1.0,1.0,1.0,1.0,1.0,1.0,1.0,1.0,1.0,0.5263157894736842,0.631578947368421,0.5365853658536586,0.4878048780487805,0,32
1.0,1.0,1.0,1.0,1.0,0.0,1.0,1.0,1.0,1.0,1.0,1.0,1.0,1.0,1.0,1.0,1.0,1.0,,,0.627906976744186,0.2558139534883721,0,2
1.0,1.0,1.0,1.0,1.0,0.1098901098901099,1.0,0.03296703296703297,1.0,1.0,1.0,1.0,1.0,1.0,1.0,0.0,1.0,1.0,,,,,0,13
1.0,1.0,1.0,1.0,1.0,1.0,1.0,1.0,1.0,1.0,1.0,1.0,1.0,1.0,1.0,1.0,1.0,1.0,0.4117647058823529,0.6274509803921569,0.43478260869565216,0.5652173913043478,1,17
0.0,0.0,1.0,0.0,0.0,1.0,1.0,1.0,1.0,1.0,1.0,1.0,1.0,1.0,1.0,1.0,1.0,1.0,0.375,0.375,0.5714285714285714,0.6428571428571429,2,4
1.0,1.0,1.0,1.0,1.0,1.0,1.0,1.0,1.0,0.0,0.0,1.0,1.0,0.0,1.0,0.0,1.0,0.0,0.40625,0.609375,0.4230769230769231,0.5769230769230769,0,22
1.0,1.0,1.0,1.0,1.0,1.0,1.0,1.0,1.0,1.0,1.0,1.0,1.0,1.0,1.0,1.0,1.0,0.0,0.37037037037037035,0.7037037037037037,0.46153846153846156,0.6923076923076923,6,27
1.0,1.0,1.0,1.0,1.0,1.0,1.0,1.0,1.0,0.0,0.0,1.0,1.0,0.0,1.0,0.0,1.0,0.0,0.37037037037037035,0.7037037037037037,0.46153846153846156,0.6923076923076923,2,20
1.0,1.0,1.0,1.0,1.0,1.0,1.0,1.0,1.0,1.0,1.0,1.0,1.0,1.0,1.0,1.0,1.0,1.0,0.3409090909090909,0.6136363636363636,0.36363636363636365,0.5681818181818182,0,2
1.0,1.0,1.0,1.0,1.0,1.0,1.0,1.0,1.0,1.0,1.0,1.0,1.0,1.0,1.0,1.0,1.0,1.0,,,,,0,1
1.0,1.0,1.0,0.0,0.0,0.0,1.0,1.0,0.0,1.0,1.0,1.0,1.0,1.0,1.0,1.0,1.0,0.0,0.6190476190476191,0.5,0.6285714285714286,0.5428571428571428,0,1
1.0,1.0,1.0,1.0,1.0,1.0,1.0,1.0,1.0,1.0,1.0,1.0,1.0,1.0,1.0,1.0,1.0,1.0,0.40625,0.609375,0.5128205128205128,0.46153846153846156,4,24
0.6159317211948792,1.0,1.0,0.6159317211948792,0.6159317211948792,0.7510668563300144,0.6714082503556188,1.0,1.0,0.5462304409672831,1.0,1.0,0.7610241820768138,1.0,0.8677098150782362,0.001422475106685633,0.9658605974395448,0.0,0.3617021276595745,0.5957446808510638,0.37209302325581395,0.6046511627906976,2,37
1.0,1.0,1.0,1.0,1.0,1.0,1.0,1.0,1.0,1.0,1.0,1.0,0.02857142857142857,1.0,0.2857142857142857,1.0,1.0,1.0,0.4146341463414634,0.6585365853658537,0.46153846153846156,0.6923076923076923,1,14
0.0,1.0,1.0,1.0,0.0,0.0,0.0,0.0,0.8181818181818182,1.0,1.0,1.0,1.0,1.0,1.0,1.0,1.0,1.0,0.4722222222222222,0.2777777777777778,0.4411764705882353,0.2647058823529412,3,10
0.5938461538461538,0.5938461538461538,1.0,1.0,0.8523076923076922,0.8092307692307692,1.0,1.0,1.0,1.0,1.0,1.0,1.0,1.0,1.0,1.0,1.0,1.0,0.4117647058823529,0.6274509803921569,0.5714285714285714,0.5714285714285714,2,25
1.0,1.0,1.0,1.0,1.0,1.0,1.0,1.0,1.0,1.0,0.8,1.0,1.0,1.0,1.0,0.7333333333333333,1.0,1.0,0.4146341463414634,0.6585365853658537,0.46153846153846156,0.6923076923076923,2,9
1.0,1.0,1.0,1.0,1.0,1.0,1.0,1.0,1.0,1.0,1.0,1.0,1.0,1.0,1.0,1.0,1.0,1.0,0.4146341463414634,0.6585365853658537,0.4117647058823529,0.47058823529411764,2,8
1.0,0.0,1.0,0.0,1.0,0.4000000000000001,0.0,0.0,1.0,1.0,1.0,1.0,1.0,1.0,1.0,1.0,0.0,1.0,0.4146341463414634,0.6585365853658537,0.46153846153846156,0.6923076923076923,2,5
1.0,1.0,1.0,1.0,1.0,1.0,1.0,1.0,1.0,1.0,0.0028490028490028487,1.0,1.0,1.0,1.0,1.0,1.0,0.0,0.4375,0.625,0.47619047619047616,0.6190476190476191,1,26
1.0,1.0,1.0,1.0,1.0,1.0,1.0,1.0,1.0,1.0,1.0,1.0,1.0,1.0,1.0,1.0,1.0,1.0,0.4722222222222222,0.3055555555555556,0.5454545454545454,0.22727272727272727,13,14
0.9564393939393939,0.5814393939393939,0.4772727272727273,1.0,1.0,0.8882575757575758,1.0,0.9659090909090909,1.0,1.0,1.0,1.0,1.0,1.0,1.0,1.0,1.0,0.6875,0.52,0.52,0.5,0.65625,9,32
0.18181818181818182,1.0,0.2,1.0,1.0,0.0,0.34545454545454546,0.18181818181818182,1.0,1.0,1.0,1.0,1.0,1.0,1.0,1.0,1.0,1.0,0.6538461538461539,0.38461538461538464,0.5609756097560976,0.4146341463414634,0,10
0.8596491228070174,0.631578947368421,0.6491228070175439,1.0,1.0,0.7368421052631579,1.0,0.9356725146198829,1.0,1.0,1.0,1.0,1.0,1.0,1.0,1.0,1.0,1.0,0.56,0.52,0.5,0.6111111111111112,1,18
1.0,0.4583333333333333,0.0,1.0,1.0,1.0,1.0,1.0,1.0,1.0,1.0,1.0,1.0,1.0,1.0,1.0,1.0,1.0,0.5862068965517241,0.4827586206896552,0.5128205128205128,0.5641025641025641,2,15
0.638095238095238,0.0,0.0,1.0,1.0,1.0,1.0,1.0,1.0,1.0,1.0,1.0,1.0,1.0,1.0,1.0,1.0,1.0,0.3880597014925373,0.6119402985074627,0.48936170212765956,0.425531914893617,1,14
1.0,0.3956043956043956,0.3956043956043956,1.0,1.0,0.9230769230769231,1.0,1.0,1.0,1.0,1.0,1.0,1.0,1.0,1.0,0.0,1.0,1.0,0.5862068965517241,0.4827586206896552,0.5128205128205128,0.5641025641025641,1,13
1.0,1.0,0.78,1.0,1.0,1.0,1.0,1.0,1.0,1.0,1.0,1.0,1.0,1.0,1.0,1.0,1.0,0.78,0.52,0.52,0.5,0.65625,6,24
0.8423423423423425,0.9129129129129131,0.9009009009009011,0.7042042042042043,1.0,0.6351351351351352,0.3618618618618619,1.0,1.0,1.0,0.8123123123123124,1.0,1.0,1.0,1.0,0.3693693693693694,1.0,1.0,0.37037037037037035,0.7037037037037037,0.3103448275862069,0.7931034482758621,5,36
1.0,0.0,1.0,1.0,0.0,0.0,0.0,1.0,1.0,1.0,1.0,1.0,1.0,1.0,1.0,1.0,1.0,0.0,,,0.7692307692307693,0.38461538461538464,0,13
1.0,0.0,1.0,1.0,1.0,1.0,1.0,1.0,1.0,1.0,1.0,1.0,1.0,1.0,1.0,1.0,1.0,1.0,0.46153846153846156,0.5,0.48,0.4,0,2
1.0,1.0,1.0,1.0,1.0,1.0,1.0,1.0,1.0,1.0,0.6052631578947368,1.0,1.0,1.0,1.0,1.0,1.0,1.0,,,0.3870967741935484,0.5806451612903226,1,19
1.0,1.0,0.7843137254901961,0.8300653594771242,0.7712418300653595,0.7712418300653595,0.823529411764706,1.0,1.0,0.23529411764705882,0.23529411764705882,0.23529411764705882,0.23529411764705882,0.823529411764706,0.915032679738562,0.26143790849673204,1.0,1.0,0.37037037037037035,0.7037037037037037,0.3103448275862069,0.7931034482758621,1,17
1.0,1.0,1.0,1.0,0.8571428571428571,0.0,0.047619047619047616,0.33333333333333337,1.0,1.0,1.0,0.7142857142857143,1.0,1.0,1.0,1.0,1.0,1.0,,,0.6486486486486487,0.5675675675675675,0,6
1.0,1.0,1.0,1.0,1.0,1.0,1.0,1.0,1.0,0.3181818181818182,1.0,0.8939393939393939,0.8333333333333334,1.0,1.0,1.0,1.0,1.0,0.4406779661016949,0.6440677966101694,0.38461538461538464,0.5384615384615384,1,11
1.0,1.0,1.0,1.0,0.9653679653679652,0.9090909090909091,0.7402597402597403,1.0,1.0,0.3376623376623376,0.3939393939393939,0.3939393939393939,0.35930735930735924,1.0,1.0,1.0,1.0,1.0,0.4146341463414634,0.6585365853658537,0.4117647058823529,0.47058823529411764,2,21
0.011857707509881422,0.011857707509881422,0.011857707509881422,0.011857707509881422,0.924901185770751,0.924901185770751,1.0,1.0,1.0,1.0,1.0,1.0,1.0,1.0,1.0,1.0,1.0,1.0,0.4146341463414634,0.6585365853658537,0.46153846153846156,0.6923076923076923,6,22
1.0,1.0,0.1801801801801802,1.0,1.0,1.0,1.0,1.0,1.0,0.13663663663663667,0.13663663663663667,0.7222222222222222,1.0,1.0,1.0,1.0,1.0,0.0,0.6111111111111112,0.8333333333333334,0.5,0.65625,14,36
0.0,0.0,0.0,1.0,0.0,0.0,0.25,1.0,1.0,0.0,0.0,0.0,1.0,1.0,1.0,1.0,0.0,0.0,0.4146341463414634,0.6585365853658537,0.46153846153846156,0.6923076923076923,1,7
1.0,1.0,1.0,1.0,0.13333333333333333,1.0,1.0,1.0,1.0,1.0,1.0,1.0,1.0,1.0,1.0,1.0,1.0,1.0,0.4146341463414634,0.6585365853658537,0.4117647058823529,0.47058823529411764,4,9
1.0,1.0,1.0,1.0,1.0,0.0,1.0,1.0,1.0,1.0,1.0,1.0,1.0,1.0,1.0,1.0,1.0,0.0,0.5517241379310345,0.5344827586206896,0.46153846153846156,0.46153846153846156,0,2
1.0,1.0,1.0,1.0,1.0,1.0,1.0,1.0,1.0,1.0,1.0,1.0,1.0,1.0,1.0,1.0,1.0,1.0,0.5,0.42857142857142855,,,14,15
1.0,1.0,1.0,0.7104499274310595,0.9854862119013061,1.0,1.0,1.0,1.0,0.03265602322206096,0.6008708272859216,1.0,0.8301886792452831,1.0,1.0,1.0,1.0,0.8889695210449927,0.4146341463414634,0.6585365853658537,0.46153846153846156,0.6923076923076923,19,52
1.0,1.0,0.9411764705882353,1.0,0.13903743315508021,0.8859180035650622,1.0,1.0,1.0,0.005347593582887701,0.6737967914438503,1.0,0.005347593582887701,1.0,1.0,1.0,0.005347593582887701,0.0,0.4146341463414634,0.6585365853658537,0.46153846153846156,0.6923076923076923,4,33
1.0,1.0,1.0,1.0,0.9805735430157261,1.0,1.0,1.0,1.0,0.4588344125809435,0.888991674375578,1.0,0.4588344125809435,1.0,0.8945420906567992,1.0,0.8547641073080481,1.0,0.5789473684210527,0.47368421052631576,0.5238095238095238,0.42857142857142855,30,46
1.0,1.0,1.0,1.0,1.0,1.0,1.0,1.0,1.0,1.0,1.0,1.0,0.9782608695652174,1.0,1.0,1.0,1.0,1.0,0.4146341463414634,0.6585365853658537,0.46153846153846156,0.6923076923076923,9,23
1.0,1.0,1.0,1.0,1.0,1.0,1.0,1.0,1.0,1.0,1.0,1.0,1.0,1.0,1.0,1.0,1.0,1.0,0.38636363636363635,0.5681818181818182,0.42857142857142855,0.6190476190476191,28,30
1.0,1.0,1.0,1.0,1.0,1.0,1.0,1.0,1.0,0.09243697478991594,0.3680672268907562,0.9680672268907563,0.09243697478991594,1.0,1.0,1.0,1.0,1.0,0.4146341463414634,0.6585365853658537,0.46153846153846156,0.6923076923076923,31,34
0.26666666666666666,1.0,1.0,0.35238095238095235,0.35238095238095235,0.5238095238095238,1.0,1.0,1.0,1.0,0.9047619047619048,0.9047619047619048,0.9333333333333333,0.9333333333333333,1.0,0.9047619047619048,1.0,0.0,0.5555555555555556,0.5185185185185185,0.4230769230769231,0.5769230769230769,3,14
0.9102564102564106,0.9102564102564106,1.0,0.9102564102564106,0.9102564102564106,0.326923076923077,0.9102564102564106,0.8743589743589746,1.0,1.0,1.0,0.046153846153846156,1.0,1.0,0.2435897435897436,0.046153846153846156,0.21923076923076926,0.3538461538461538,0.4146341463414634,0.6585365853658537,0.46153846153846156,0.6923076923076923,12,39
0.42857142857142855,0.42857142857142855,0.42857142857142855,0.3428571428571428,0.3428571428571428,0.8761904761904762,1.0,1.0,1.0,1.0,1.0,1.0,1.0,1.0,1.0,1.0,1.0,1.0,0.48214285714285715,0.625,0.4444444444444444,0.5777777777777777,10,14
0.18181818181818182,1.0,0.2727272727272727,0.18181818181818182,0.18181818181818182,0.2727272727272727,1.0,1.0,1.0,1.0,1.0,1.0,1.0,1.0,1.0,1.0,1.0,1.0,0.4444444444444444,0.6031746031746031,0.44680851063829785,0.6170212765957447,5,10
0.40641711229946526,0.46524064171123,0.8609625668449198,0.5418894830659537,1.0,0.695187165775401,1.0,0.9821746880570409,1.0,0.005347593582887701,0.005347593582887701,0.7629233511586452,0.4224598930481283,1.0,0.944741532976827,1.0,1.0,0.3636363636363637,0.4146341463414634,0.6585365853658537,0.46153846153846156,0.6923076923076923,6,33
1.0,1.0,1.0,1.0,1.0,1.0,1.0,1.0,1.0,1.0,1.0,1.0,1.0,1.0,1.0,1.0,1.0,1.0,0.5806451612903226,0.3870967741935484,0.7021276595744681,0.2765957446808511,0,1
0.03968253968253969,1.0,1.0,0.03968253968253969,0.03968253968253969,0.03968253968253969,0.03968253968253969,1.0,1.0,1.0,1.0,1.0,1.0,1.0,1.0,1.0,1.0,0.03968253968253969,0.37037037037037035,0.7037037037037037,0.46153846153846156,0.6923076923076923,5,27
0.16477272727272727,0.1856060606060606,0.509469696969697,0.16477272727272727,0.9659090909090909,0.45265151515151514,1.0,0.16477272727272727,1.0,0.03977272727272727,0.8806818181818182,0.5681818181818182,0.125,1.0,0.9507575757575758,0.16477272727272727,1.0,1.0,0.4146341463414634,0.6585365853658537,0.4117647058823529,0.47058823529411764,11,32
0.012096774193548387,0.012096774193548387,0.012096774193548387,0.8991935483870968,0.8991935483870968,1.0,1.0,1.0,1.0,0.006048387096774193,0.006048387096774193,0.006048387096774193,1.0,1.0,0.006048387096774193,0.006048387096774193,0.006048387096774193,0.020161290322580645,0.3958333333333333,0.6041666666666666,0.42857142857142855,0.6190476190476191,14,31
0.10909090909090911,1.0,0.10909090909090911,1.0,1.0,1.0,1.0,1.0,1.0,0.9454545454545454,1.0,1.0,1.0,1.0,1.0,1.0,0.2,0.7272727272727272,0.4117647058823529,0.6274509803921569,0.43478260869565216,0.5652173913043478,1,10
1.0,1.0,1.0,1.0,1.0,1.0,1.0,1.0,1.0,1.0,1.0,1.0,1.0,1.0,1.0,1.0,1.0,1.0,,,,,0,1
1.0,1.0,1.0,1.0,1.0,1.0,1.0,1.0,1.0,1.0,1.0,1.0,1.0,1.0,1.0,1.0,1.0,1.0,0.40625,0.609375,0.4166666666666667,0.625,0,1
1.0,1.0,1.0,1.0,1.0,1.0,1.0,1.0,1.0,1.0,1.0,1.0,1.0,1.0,1.0,1.0,1.0,1.0,0.3880597014925373,0.6119402985074627,0.3684210526315789,0.47368421052631576,2,4
1.0,1.0,1.0,1.0,1.0,1.0,1.0,1.0,1.0,0.0,0.0,1.0,1.0,1.0,1.0,1.0,1.0,1.0,0.40625,0.609375,0.4117647058823529,0.4117647058823529,0,2
0.24242424242424243,1.0,1.0,1.0,0.46345811051693403,1.0,0.9661319073083777,1.0,1.0,0.9269162210338681,0.13903743315508021,0.9019607843137254,0.0,1.0,1.0,0.944741532976827,1.0,1.0,0.4,0.7333333333333333,0.3103448275862069,0.7931034482758621,13,33
1.0,1.0,1.0,1.0,1.0,1.0,1.0,1.0,1.0,0.8433333333333333,0.8433333333333333,1.0,1.0,1.0,1.0,0.9333333333333335,1.0,0.0,0.4,0.7333333333333333,0.3103448275862069,0.7931034482758621,18,24
1.0,1.0,1.0,1.0,1.0,1.0,1.0,1.0,1.0,1.0,1.0,1.0,1.0,1.0,1.0,1.0,1.0,0.0,0.375,0.5694444444444444,0.39622641509433965,0.5660377358490566,0,1
1.0,1.0,1.0,1.0,1.0,1.0,1.0,1.0,1.0,1.0,1.0,1.0,1.0,1.0,1.0,1.0,1.0,1.0,0.375,0.5694444444444444,0.39622641509433965,0.5660377358490566,0,1
0.0,0.0,0.0,0.0,0.0,0.0,0.0,0.0,0.0,0.0,0.0,0.0,0.0,0.0,0.0,0.0,0.0,0.0,0.4146341463414634,0.6585365853658537,0.46153846153846156,0.6923076923076923,3,23
1.0,1.0,1.0,1.0,1.0,1.0,1.0,1.0,1.0,1.0,1.0,1.0,1.0,1.0,1.0,1.0,1.0,1.0,0.3684210526315789,0.5964912280701754,0.5,0.5,1,5
1.0,1.0,1.0,1.0,1.0,1.0,1.0,1.0,1.0,1.0,1.0,1.0,1.0,1.0,1.0,1.0,1.0,0.0,0.3684210526315789,0.5964912280701754,0.3829787234042553,0.574468085106383,1,5
0.0,0.0,1.0,1.0,1.0,0.0,1.0,1.0,1.0,0.0,1.0,1.0,1.0,1.0,1.0,0.0,1.0,0.40170940170940167,0.64,0.56,0.4857142857142857,0.6571428571428571,20,26
1.0,1.0,1.0,1.0,0.0,0.0,1.0,1.0,0.0,1.0,1.0,1.0,1.0,1.0,0.0,0.0,1.0,1.0,0.40625,0.609375,0.4230769230769231,0.5769230769230769,0,2
0.0,0.0,1.0,1.0,1.0,0.0,0.0,0.0,0.0,1.0,1.0,1.0,1.0,1.0,1.0,1.0,1.0,0.0,0.44680851063829785,0.5531914893617021,0.46511627906976744,0.5813953488372093,1,18
1.0,1.0,1.0,1.0,1.0,1.0,1.0,1.0,0.0,1.0,1.0,1.0,1.0,1.0,1.0,1.0,1.0,1.0,0.3880597014925373,0.6119402985074627,0.39215686274509803,0.5686274509803921,2,3
0.3571428571428571,0.3571428571428571,0.3571428571428571,0.3571428571428571,0.2857142857142857,1.0,0.21428571428571427,0.3571428571428571,1.0,0.6428571428571428,0.0,0.6428571428571428,0.6428571428571428,1.0,0.3571428571428571,1.0,0.6428571428571428,1.0,,,0.4857142857142857,0.6571428571428571,0,7
1.0,1.0,1.0,1.0,1.0,1.0,1.0,1.0,1.0,0.0,0.0,1.0,1.0,0.0,0.0,1.0,1.0,1.0,,,0.625,0.4375,0,1
1.0,1.0,1.0,1.0,1.0,1.0,1.0,1.0,1.0,1.0,0.0,1.0,1.0,1.0,1.0,0.0,1.0,1.0,,,0.4883720930232558,0.4883720930232558,0,1
1.0,1.0,1.0,1.0,1.0,1.0,1.0,1.0,1.0,1.0,1.0,1.0,1.0,1.0,1.0,1.0,1.0,0.0,0.3684210526315789,0.5964912280701754,0.43902439024390244,0.4878048780487805,0,1
0.5,0.5,1.0,1.0,1.0,1.0,1.0,0.5,0.5,1.0,1.0,1.0,1.0,1.0,0.5,1.0,0.0,0.8333333333333333,,,0.3829787234042553,0.574468085106383,0,3
1.0,1.0,1.0,1.0,1.0,1.0,1.0,1.0,1.0,0.0,0.0,0.0,1.0,1.0,1.0,0.0,1.0,0.0,0.4098360655737705,0.5737704918032787,0.44,0.56,2,4
1.0,1.0,1.0,1.0,1.0,1.0,1.0,1.0,1.0,1.0,1.0,1.0,1.0,1.0,1.0,1.0,1.0,1.0,,,0.4117647058823529,0.4117647058823529,0,1
1.0,1.0,1.0,1.0,1.0,1.0,1.0,1.0,1.0,1.0,1.0,1.0,1.0,1.0,1.0,1.0,1.0,1.0,0.3958333333333333,0.5416666666666666,0.5263157894736842,0.5789473684210527,3,17
1.0,0.0,1.0,1.0,1.0,1.0,1.0,1.0,1.0,1.0,1.0,1.0,1.0,1.0,1.0,1.0,1.0,1.0,0.4782608695652174,0.5217391304347826,0.44,0.56,0,1
1.0,1.0,1.0,1.0,1.0,1.0,1.0,1.0,1.0,1.0,0.07407407407407407,0.1746031746031746,1.0,1.0,1.0,0.1746031746031746,1.0,0.015873015873015872,0.4146341463414634,0.6585365853658537,0.4117647058823529,0.47058823529411764,6,27
1.0,1.0,1.0,1.0,1.0,1.0,1.0,1.0,1.0,0.08300395256916995,1.0,1.0,1.0,1.0,1.0,1.0,1.0,0.383399209486166,0.37037037037037035,0.7037037037037037,0.4117647058823529,0.47058823529411764,18,22
1.0,1.0,1.0,1.0,0.3,0.1,0.1,1.0,1.0,0.1,1.0,1.0,1.0,1.0,1.0,0.7,1.0,1.0,0.37037037037037035,0.7037037037037037,0.4117647058823529,0.47058823529411764,1,4
1.0,1.0,1.0,1.0,0.4166666666666667,0.5833333333333334,1.0,1.0,1.0,1.0,1.0,1.0,1.0,1.0,0.2777777777777778,1.0,1.0,1.0,0.4375,0.625,0.4418604651162791,0.5813953488372093,,8
1.0,1.0,1.0,1.0,1.0,1.0,1.0,1.0,1.0,1.0,1.0,1.0,1.0,1.0,1.0,1.0,1.0,1.0,0.6,0.48,0.4418604651162791,0.5813953488372093,0,1
0.8901098901098902,0.8901098901098902,0.8901098901098902,0.8901098901098902,0.8901098901098902,1.0,1.0,1.0,1.0,0.06593406593406594,0.06593406593406594,0.06593406593406594,0.06593406593406594,0.1098901098901099,1.0,0.0,1.0,1.0,0.37037037037037035,0.7037037037037037,0.3103448275862069,0.7931034482758621,12,13
1.0,1.0,1.0,0.0,1.0,1.0,1.0,1.0,1.0,1.0,1.0,1.0,1.0,1.0,0.0,0.0,1.0,1.0,,,0.3103448275862069,0.7931034482758621,2,9
0.14285714285714285,0.14285714285714285,1.0,1.0,1.0,1.0,1.0,1.0,1.0,0.0,0.0,0.14285714285714285,0.14285714285714285,0.14285714285714285,0.0,0.0,0.0,1.0,,,,,5,6
1.0,1.0,1.0,1.0,1.0,1.0,1.0,1.0,1.0,1.0,1.0,1.0,1.0,1.0,1.0,1.0,1.0,1.0,0.4146341463414634,0.6585365853658537,0.46153846153846156,0.6923076923076923,22,44
1.0,1.0,1.0,1.0,0.9230769230769231,0.9292307692307691,1.0,1.0,1.0,0.03076923076923077,0.03076923076923077,0.03076923076923077,0.03076923076923077,1.0,0.7784615384615384,1.0,1.0,0.9230769230769231,0.4146341463414634,0.6585365853658537,0.46153846153846156,0.6923076923076923,7,25
1.0,1.0,1.0,1.0,1.0,0.0,1.0,1.0,1.0,1.0,1.0,1.0,1.0,1.0,1.0,1.0,1.0,1.0,0.625,0.5,0.391304347826087,0.6086956521739131,0,1
0.0,0.0,0.0,1.0,1.0,0.0,0.0,1.0,1.0,0.0,0.0,0.0,1.0,1.0,0.0,0.0,0.0,0.0,0.4146341463414634,0.6585365853658537,0.46153846153846156,0.6923076923076923,38,46
0.0,0.0,0.0,0.0,0.0,0.0,0.0,0.0,1.0,0.0,0.0,0.0,0.0,0.0,0.0,0.0,0.0,0.0,0.34615384615384615,0.6538461538461539,0.42857142857142855,0.5714285714285714,8,25
0.7,1.0,1.0,1.0,1.0,1.0,1.0,1.0,1.0,1.0,1.0,0.3,1.0,0.7,1.0,1.0,1.0,1.0,0.37037037037037035,0.7037037037037037,0.46153846153846156,0.6923076923076923,0,4
1.0,1.0,1.0,1.0,1.0,1.0,1.0,1.0,1.0,1.0,1.0,1.0,1.0,1.0,1.0,1.0,1.0,1.0,0.38636363636363635,0.5681818181818182,0.42857142857142855,0.6190476190476191,4,6
1.0,1.0,1.0,1.0,1.0,0.7953216374269005,0.7953216374269005,1.0,1.0,0.9005847953216374,1.0,1.0,0.8070175438596491,1.0,1.0,1.0,1.0,1.0,0.37037037037037035,0.7037037037037037,0.46153846153846156,0.6923076923076923,15,18
1.0,1.0,1.0,1.0,1.0,1.0,1.0,1.0,1.0,1.0,1.0,1.0,1.0,1.0,1.0,1.0,1.0,1.0,,,,,0,2
1.0,1.0,1.0,1.0,1.0,1.0,1.0,1.0,1.0,1.0,1.0,1.0,1.0,1.0,1.0,1.0,1.0,1.0,,,,,0,4
1.0,1.0,1.0,1.0,1.0,1.0,1.0,1.0,1.0,1.0,1.0,1.0,1.0,1.0,1.0,1.0,1.0,0.7857142857142857,0.37037037037037035,0.7037037037037037,0.3103448275862069,0.7931034482758621,5,7
1.0,1.0,1.0,1.0,1.0,1.0,1.0,1.0,1.0,1.0,1.0,1.0,1.0,1.0,1.0,1.0,1.0,1.0,0.4583333333333333,0.4583333333333333,0.36363636363636365,0.4090909090909091,0,9
1.0,1.0,1.0,1.0,1.0,1.0,1.0,1.0,1.0,1.0,1.0,1.0,1.0,1.0,1.0,1.0,1.0,1.0,0.45,0.4,0.38095238095238093,0.23809523809523808,8,12
1.0,1.0,1.0,1.0,1.0,1.0,1.0,1.0,1.0,1.0,1.0,1.0,1.0,1.0,1.0,1.0,1.0,1.0,,,,,0,4
0.0,1.0,1.0,0.0,1.0,0.0,1.0,0.0,1.0,1.0,1.0,1.0,1.0,1.0,1.0,1.0,1.0,1.0,0.4482758620689655,0.41379310344827586,0.39285714285714285,0.32142857142857145,0,9
1.0,1.0,1.0,1.0,1.0,1.0,1.0,1.0,1.0,0.0,1.0,1.0,1.0,1.0,1.0,1.0,1.0,1.0,0.55,0.45,0.5,0.2727272727272727,1,4
1.0,1.0,1.0,1.0,0.0,0.0,0.0,1.0,0.0,1.0,1.0,1.0,1.0,1.0,1.0,1.0,1.0,1.0,0.5306122448979592,0.46938775510204084,0.5555555555555556,0.5277777777777778,5,19
1.0,1.0,1.0,1.0,1.0,1.0,1.0,1.0,1.0,1.0,1.0,1.0,1.0,1.0,1.0,1.0,1.0,0.0,0.4482758620689655,0.41379310344827586,0.39285714285714285,0.32142857142857145,0,3
1.0,1.0,1.0,1.0,1.0,1.0,1.0,1.0,1.0,1.0,1.0,1.0,1.0,1.0,1.0,1.0,1.0,0.0,0.4482758620689655,0.41379310344827586,0.39285714285714285,0.32142857142857145,0,3
1.0,1.0,1.0,1.0,1.0,1.0,1.0,1.0,1.0,1.0,1.0,1.0,1.0,1.0,1.0,1.0,1.0,1.0,0.4583333333333333,0.4583333333333333,0.5,0.5,0,1
0.15441176470588236,0.15441176470588236,0.15441176470588236,1.0,1.0,1.0,0.0,1.0,1.0,0.9558823529411765,1.0,0.9558823529411765,1.0,1.0,1.0,1.0,1.0,0.0,0.5,0.40625,0.6153846153846154,0.41025641025641024,4,16
1.0,1.0,1.0,1.0,1.0,1.0,1.0,1.0,1.0,1.0,1.0,1.0,1.0,1.0,1.0,1.0,1.0,0.0,0.5,0.43333333333333335,0.3958333333333333,0.6041666666666666,1,14
0.0,1.0,0.0,0.0,1.0,1.0,1.0,1.0,1.0,1.0,1.0,1.0,1.0,1.0,1.0,1.0,1.0,0.0,,,0.46153846153846156,0.38461538461538464,2,4
1.0,1.0,1.0,1.0,1.0,1.0,1.0,1.0,1.0,1.0,1.0,1.0,1.0,1.0,1.0,1.0,1.0,1.0,0.4909090909090909,0.5454545454545454,0.5217391304347826,0.5652173913043478,3,6
1.0,1.0,1.0,1.0,1.0,1.0,1.0,1.0,1.0,1.0,1.0,1.0,1.0,1.0,1.0,1.0,1.0,1.0,,,0.5,0.3076923076923077,0,1
1.0,1.0,1.0,1.0,1.0,1.0,1.0,1.0,1.0,1.0,1.0,1.0,1.0,1.0,1.0,1.0,1.0,0.0,0.375,0.5694444444444444,0.4375,0.59375,0,3
1.0,1.0,1.0,0.0,0.0,0.0,0.0,1.0,1.0,0.6920289855072465,0.0,0.6920289855072465,1.0,1.0,1.0,1.0,1.0,0.0,0.5517241379310345,0.5344827586206896,0.4883720930232558,0.5116279069767442,6,23
0.0,1.0,1.0,1.0,1.0,0.0,0.0,0.0,0.0,1.0,1.0,1.0,1.0,1.0,1.0,0.0,1.0,0.0,0.375,0.5694444444444444,0.39622641509433965,0.5660377358490566,3,22
1.0,1.0,1.0,1.0,1.0,1.0,1.0,1.0,1.0,1.0,1.0,1.0,1.0,1.0,1.0,1.0,1.0,1.0,0.574468085106383,0.46808510638297873,0.5789473684210527,0.5,7,18
0.0,0.0,1.0,1.0,1.0,0.0,0.0,0.0,1.0,0.0,0.0,0.0,1.0,0.0,0.0,0.0,0.0,0.0,0.6046511627906976,0.4883720930232558,0.5833333333333334,0.5277777777777778,0,10
1.0,1.0,1.0,1.0,1.0,1.0,1.0,1.0,1.0,1.0,1.0,1.0,1.0,1.0,1.0,1.0,1.0,1.0,0.5,0.46875,0.2857142857142857,0.21428571428571427,0,2
1.0,1.0,1.0,1.0,1.0,1.0,1.0,1.0,1.0,1.0,1.0,1.0,1.0,1.0,1.0,1.0,1.0,1.0,,,,,0,1
0.0,0.0,0.0,0.0,0.0,0.0,0.0,0.0,0.0,1.0,1.0,1.0,1.0,1.0,1.0,1.0,1.0,0.0,0.5087719298245614,0.47368421052631576,0.46153846153846156,0.38461538461538464,3,5
0.0,0.0,1.0,0.0,0.0,0.0,1.0,0.0,0.0,1.0,1.0,1.0,1.0,1.0,1.0,0.0,1.0,0.0,0.4117647058823529,0.6274509803921569,0.47619047619047616,0.5,0,2
0.0,0.0,0.0,0.0,0.0,0.0,0.0,0.0,0.0,1.0,1.0,1.0,1.0,1.0,1.0,1.0,1.0,0.0,0.4222222222222222,0.6222222222222222,0.7692307692307693,0.38461538461538464,0,4
0.0,0.0,0.0,0.0,1.0,1.0,1.0,0.0,0.0,1.0,1.0,1.0,1.0,1.0,1.0,1.0,1.0,0.0,0.4222222222222222,0.6222222222222222,0.7692307692307693,0.38461538461538464,0,4
0.0,0.0,0.0,0.0,0.0,0.0,0.0,0.0,0.0,1.0,1.0,1.0,1.0,1.0,1.0,1.0,1.0,0.0,0.44680851063829785,0.5531914893617021,0.5263157894736842,0.5263157894736842,2,5
1.0,1.0,1.0,1.0,1.0,1.0,1.0,1.0,1.0,1.0,1.0,1.0,1.0,1.0,1.0,1.0,1.0,1.0,,,,,0,1
0.2087912087912088,0.7692307692307693,0.7802197802197802,0.8021978021978021,0.9230769230769231,0.9560439560439561,1.0,1.0,1.0,1.0,1.0,1.0,1.0,1.0,1.0,1.0,1.0,0.0,0.5306122448979592,0.46938775510204084,0.5555555555555556,0.5277777777777778,2,13
1.0,1.0,1.0,1.0,1.0,1.0,1.0,1.0,1.0,1.0,1.0,1.0,1.0,1.0,1.0,1.0,1.0,1.0,,,,,0,1
1.0,1.0,1.0,0.0,0.0,0.0,1.0,1.0,1.0,0.0,1.0,1.0,1.0,1.0,1.0,1.0,1.0,1.0,0.3880597014925373,0.6119402985074627,0.48936170212765956,0.425531914893617,0,2
1.0,1.0,1.0,1.0,1.0,0.0,1.0,1.0,1.0,0.0,1.0,1.0,1.0,1.0,1.0,1.0,1.0,1.0,0.44680851063829785,0.5531914893617021,0.4857142857142857,0.5428571428571428,4,16
1.0,1.0,1.0,1.0,1.0,1.0,1.0,1.0,1.0,0.0,1.0,1.0,0.0,1.0,0.0,1.0,1.0,1.0,,,0.5897435897435898,0.48717948717948717,7,11
1.0,1.0,1.0,1.0,1.0,1.0,1.0,1.0,1.0,0.0,0.0,1.0,0.0,0.0,0.0,1.0,0.0,1.0,,,0.39285714285714285,0.75,4,10
1.0,0.5047619047619047,0.02857142857142857,1.0,1.0,0.2571428571428572,1.0,1.0,1.0,1.0,0.6476190476190476,0.8761904761904762,1.0,1.0,1.0,1.0,1.0,1.0,0.5789473684210527,0.47368421052631576,0.5384615384615384,0.3076923076923077,0,14
1.0,1.0,1.0,1.0,1.0,1.0,1.0,1.0,1.0,1.0,1.0,1.0,1.0,1.0,1.0,1.0,1.0,1.0,,,0.3333333333333333,0.25,2,4
1.0,1.0,1.0,1.0,1.0,0.42424242424242425,1.0,1.0,1.0,1.0,1.0,1.0,1.0,1.0,1.0,1.0,1.0,1.0,,,0.627906976744186,0.2558139534883721,2,11
1.0,1.0,1.0,1.0,1.0,0.5357142857142857,1.0,1.0,1.0,1.0,1.0,1.0,1.0,1.0,1.0,1.0,1.0,1.0,,,0.74,0.28,0,7
1.0,0.7636363636363636,0.8727272727272729,1.0,1.0,0.7636363636363636,1.0,1.0,0.38181818181818183,1.0,1.0,1.0,1.0,1.0,1.0,1.0,1.0,1.0,,,0.4375,0.5,0,10
1.0,1.0,1.0,1.0,1.0,0.2777777777777778,1.0,1.0,0.6388888888888888,1.0,1.0,1.0,1.0,1.0,1.0,1.0,1.0,1.0,0.4909090909090909,0.5272727272727272,0.4146341463414634,0.4878048780487805,7,8
1.0,1.0,1.0,1.0,1.0,0.13333333333333333,1.0,1.0,0.02222222222222222,1.0,1.0,1.0,1.0,1.0,1.0,1.0,1.0,1.0,,,0.574468085106383,0.2978723404255319,4,9
1.0,1.0,1.0,1.0,0.14736842105263157,0.14736842105263157,1.0,1.0,0.7105263157894737,0.631578947368421,1.0,1.0,1.0,1.0,1.0,1.0,1.0,1.0,,,0.5208333333333334,0.3541666666666667,17,19
1.0,1.0,1.0,1.0,1.0,1.0,1.0,1.0,1.0,0.0,0.0,1.0,1.0,1.0,1.0,1.0,1.0,1.0,,,0.5,0.3076923076923077,0,1
1.0,1.0,1.0,1.0,1.0,1.0,1.0,1.0,1.0,0.1,1.0,1.0,1.0,1.0,1.0,1.0,1.0,1.0,,,0.5,0.3076923076923077,3,4
0.0,0.0,1.0,1.0,1.0,0.0,1.0,1.0,1.0,1.0,1.0,1.0,1.0,1.0,1.0,1.0,1.0,1.0,,,0.5208333333333334,0.3541666666666667,0,1
1.0,0.0,1.0,1.0,1.0,1.0,1.0,1.0,1.0,0.0,1.0,1.0,1.0,1.0,1.0,1.0,1.0,1.0,,,0.47619047619047616,0.5,0,7
1.0,0.7619047619047619,1.0,1.0,1.0,1.0,1.0,1.0,1.0,1.0,1.0,1.0,1.0,1.0,1.0,1.0,1.0,1.0,,,0.47619047619047616,0.5,0,6
1.0,1.0,1.0,1.0,1.0,1.0,1.0,1.0,1.0,0.6,1.0,1.0,1.0,1.0,1.0,1.0,1.0,1.0,,,0.46511627906976744,0.4883720930232558,1,4
1.0,1.0,1.0,1.0,1.0,1.0,1.0,1.0,1.0,1.0,1.0,1.0,1.0,1.0,1.0,1.0,1.0,1.0,,,0.48,0.4,0,1
1.0,1.0,1.0,1.0,1.0,1.0,1.0,1.0,1.0,0.3216374269005848,1.0,1.0,1.0,1.0,1.0,1.0,1.0,1.0,,,0.47619047619047616,0.5,12,18
1.0,1.0,1.0,1.0,1.0,1.0,1.0,1.0,1.0,1.0,1.0,1.0,1.0,1.0,1.0,1.0,1.0,1.0,,,0.5365853658536586,0.4878048780487805,3,5
1.0,1.0,0.0,1.0,1.0,1.0,0.7252747252747254,1.0,1.0,1.0,1.0,1.0,1.0,1.0,1.0,1.0,1.0,1.0,,,0.4117647058823529,0.47058823529411764,1,13
0.0,1.0,1.0,1.0,1.0,0.0,1.0,1.0,1.0,0.3333333333333333,1.0,1.0,1.0,1.0,1.0,1.0,1.0,1.0,,,0.4375,0.53125,0,2
0.6666666666666666,0.3333333333333333,1.0,1.0,1.0,0.6666666666666666,1.0,1.0,1.0,1.0,1.0,1.0,1.0,1.0,1.0,1.0,1.0,1.0,,,0.4,0.45,0,2
1.0,1.0,1.0,1.0,1.0,1.0,1.0,1.0,0.25,1.0,1.0,1.0,1.0,1.0,1.0,1.0,1.0,1.0,,,0.574468085106383,0.2978723404255319,7,8
0.0,0.0,0.4,0.7,0.7,0.4,0.7,1.0,0.7,1.0,1.0,0.8,1.0,1.0,1.0,1.0,1.0,1.0,,,0.3225806451612903,0.6774193548387096,0,4
1.0,1.0,1.0,1.0,1.0,1.0,1.0,1.0,1.0,1.0,1.0,1.0,1.0,1.0,1.0,1.0,1.0,1.0,,,0.3181818181818182,0.18181818181818182,0,1
1.0,1.0,1.0,1.0,1.0,1.0,1.0,1.0,1.0,1.0,1.0,1.0,1.0,1.0,1.0,1.0,1.0,1.0,,,0.38461538461538464,0.5384615384615384,0,1
1.0,1.0,1.0,1.0,1.0,1.0,1.0,1.0,1.0,1.0,1.0,1.0,1.0,1.0,1.0,1.0,1.0,1.0,0.5806451612903226,0.41935483870967744,0.6842105263157895,0.42105263157894735,0,1
1.0,1.0,1.0,1.0,1.0,1.0,1.0,1.0,1.0,1.0,1.0,1.0,1.0,1.0,1.0,1.0,1.0,1.0,,,0.3181818181818182,0.18181818181818182,2,3
0.04233870967741936,0.0625,0.04233870967741936,0.04233870967741936,0.24193548387096775,0.24193548387096775,1.0,1.0,1.0,0.020161290322580645,1.0,0.020161290322580645,0.020161290322580645,1.0,1.0,1.0,1.0,0.0,0.40625,0.609375,0.4166666666666667,0.625,6,31
1.0,1.0,0.06666666666666667,1.0,1.0,0.06666666666666667,0.8000000000000002,0.06666666666666667,1.0,1.0,1.0,1.0,1.0,1.0,1.0,1.0,1.0,1.0,0.65,0.5,0.6285714285714286,0.5142857142857142,1,5
0.0,1.0,1.0,1.0,1.0,1.0,1.0,1.0,1.0,0.0,1.0,1.0,1.0,1.0,1.0,1.0,1.0,1.0,,,0.6486486486486487,0.5675675675675675,0,2
0.0,1.0,1.0,1.0,1.0,1.0,1.0,1.0,1.0,1.0,1.0,1.0,1.0,1.0,1.0,1.0,1.0,1.0,0.6190476190476191,0.5,0.26666666666666666,0.2,15,16
1.0,1.0,1.0,1.0,1.0,1.0,1.0,1.0,1.0,1.0,1.0,1.0,1.0,1.0,1.0,1.0,1.0,0.8571428571428571,0.5517241379310345,0.5,0.5384615384615384,0.5384615384615384,12,13
1.0,1.0,1.0,1.0,1.0,0.036231884057971016,0.036231884057971016,1.0,1.0,1.0,1.0,1.0,1.0,1.0,1.0,1.0,1.0,1.0,,,0.35294117647058826,0.5294117647058824,1,23
1.0,0.8888888888888888,0.8888888888888888,1.0,1.0,1.0,0.915032679738562,1.0,1.0,1.0,1.0,1.0,1.0,1.0,1.0,1.0,1.0,1.0,,,0.4375,0.5625,7,17
1.0,0.7777777777777778,1.0,1.0,1.0,0.4166666666666667,0.7777777777777778,1.0,1.0,1.0,1.0,1.0,1.0,1.0,1.0,1.0,1.0,1.0,0.4146341463414634,0.6585365853658537,0.4117647058823529,0.47058823529411764,0,8
0.9722222222222222,0.5833333333333334,0.0,1.0,1.0,0.8333333333333334,0.25,0.8333333333333334,1.0,0.2777777777777778,0.0,0.0,1.0,1.0,0.0,0.0,0.3888888888888889,0.0,,,0.4117647058823529,0.47058823529411764,0,8
1.0,1.0,1.0,1.0,1.0,1.0,1.0,1.0,1.0,1.0,1.0,1.0,1.0,1.0,1.0,1.0,1.0,0.0,0.3958333333333333,0.6041666666666666,0.42857142857142855,0.5714285714285714,0,1
1.0,1.0,1.0,1.0,1.0,1.0,1.0,1.0,1.0,1.0,1.0,1.0,1.0,1.0,1.0,1.0,1.0,1.0,,,0.4117647058823529,0.47058823529411764,1,6
0.0,1.0,0.0,1.0,1.0,1.0,1.0,0.0,1.0,1.0,1.0,1.0,1.0,1.0,1.0,1.0,1.0,1.0,,,0.4117647058823529,0.47058823529411764,1,5
1.0,1.0,1.0,1.0,1.0,1.0,1.0,1.0,1.0,1.0,1.0,1.0,1.0,1.0,1.0,1.0,1.0,1.0,,,,,0,1
1.0,1.0,1.0,1.0,1.0,1.0,1.0,1.0,1.0,1.0,1.0,1.0,1.0,1.0,1.0,1.0,1.0,1.0,,,0.42857142857142855,0.2857142857142857,0,1
1.0,1.0,1.0,1.0,1.0,1.0,1.0,1.0,1.0,1.0,1.0,1.0,1.0,1.0,1.0,1.0,1.0,1.0,,,0.2727272727272727,0.15151515151515152,0,1
1.0,1.0,1.0,1.0,1.0,1.0,1.0,1.0,1.0,1.0,1.0,1.0,1.0,1.0,1.0,1.0,1.0,1.0,,,,,0,8
1.0,1.0,1.0,1.0,1.0,1.0,1.0,1.0,1.0,1.0,1.0,1.0,1.0,1.0,1.0,1.0,1.0,1.0,,,0.4473684210526316,0.23684210526315788,0,1
0.5833333333333334,1.0,1.0,0.5833333333333334,0.5833333333333334,0.5833333333333334,1.0,1.0,1.0,0.0,1.0,1.0,0.0,1.0,1.0,1.0,1.0,1.0,,,0.627906976744186,0.2558139534883721,7,8
1.0,0.0,1.0,1.0,1.0,1.0,1.0,1.0,0.0,1.0,1.0,1.0,1.0,1.0,1.0,1.0,1.0,1.0,,,,,0,1
1.0,1.0,1.0,1.0,1.0,1.0,1.0,1.0,1.0,1.0,1.0,1.0,1.0,1.0,1.0,1.0,1.0,1.0,,,,,1,3
1.0,1.0,1.0,0.0,1.0,0.0,0.2857142857142857,1.0,1.0,1.0,0.7619047619047619,0.7619047619047619,1.0,1.0,1.0,1.0,1.0,0.0,,,0.7021276595744681,0.2765957446808511,0,6
1.0,1.0,1.0,1.0,1.0,1.0,1.0,1.0,1.0,1.0,0.0,1.0,1.0,1.0,1.0,1.0,1.0,1.0,,,0.42857142857142855,0.5714285714285714,1,6
1.0,1.0,1.0,1.0,1.0,1.0,1.0,1.0,1.0,1.0,1.0,1.0,1.0,1.0,1.0,1.0,1.0,1.0,0.68,0.4,0.35714285714285715,0.5,0,2
1.0,1.0,1.0,1.0,1.0,1.0,1.0,1.0,1.0,0.0,0.0,1.0,1.0,1.0,1.0,1.0,1.0,0.0,,,0.6046511627906976,0.3023255813953488,0,3
1.0,1.0,1.0,1.0,0.0,0.0,1.0,1.0,1.0,1.0,1.0,1.0,1.0,1.0,1.0,1.0,1.0,1.0,,,0.74,0.28,1,2
1.0,0.7142857142857143,1.0,1.0,1.0,1.0,1.0,1.0,1.0,1.0,1.0,1.0,1.0,1.0,1.0,1.0,1.0,1.0,,,0.48936170212765956,0.425531914893617,0,6
0.6,1.0,1.0,0.6,0.6,0.6,1.0,1.0,1.0,0.4,0.57,1.0,0.4,1.0,1.0,1.0,1.0,1.0,0.37037037037037035,0.7037037037037037,,,1,24
1.0,1.0,1.0,1.0,1.0,1.0,1.0,1.0,1.0,1.0,1.0,1.0,0.7916666666666666,1.0,1.0,0.7916666666666666,1.0,1.0,0.37037037037037035,0.7037037037037037,0.3103448275862069,0.7931034482758621,0,15
1.0,1.0,1.0,1.0,1.0,0.5,1.0,1.0,1.0,0.4,0.6,0.0,1.0,1.0,1.0,1.0,1.0,1.0,,,0.4857142857142857,0.6571428571428571,1,4
0.0,0.10714285714285714,1.0,0.0,1.0,0.8928571428571429,1.0,1.0,1.0,0.8928571428571429,0.9642857142857143,1.0,1.0,1.0,1.0,1.0,1.0,1.0,,,0.5,0.5,1,7
0.02857142857142858,0.07142857142857144,0.02857142857142858,1.0,0.9285714285714287,1.0,0.17142857142857143,1.0,1.0,1.0,1.0,1.0,0.02857142857142858,1.0,1.0,1.0,1.0,1.0,0.5517241379310345,0.5344827586206896,0.4883720930232558,0.5116279069767442,6,20
0.005847953216374269,0.47368421052631576,0.03508771929824561,0.005847953216374269,1.0,1.0,0.12280701754385966,1.0,1.0,0.0,0.9649122807017543,0.9415204678362573,0.0,1.0,1.0,1.0,1.0,1.0,0.5517241379310345,0.5344827586206896,0.4883720930232558,0.5116279069767442,10,18
1.0,0.8666666666666667,1.0,0.0,1.0,1.0,0.0,1.0,1.0,1.0,0.9333333333333332,1.0,1.0,1.0,1.0,1.0,1.0,1.0,0.5517241379310345,0.5344827586206896,0.4883720930232558,0.5116279069767442,0,5
0.0,1.0,0.0,0.0,1.0,1.0,1.0,1.0,1.0,1.0,1.0,1.0,1.0,1.0,1.0,1.0,1.0,1.0,0.34615384615384615,0.6153846153846154,0.39285714285714285,0.75,17,24
1.0,1.0,1.0,1.0,1.0,0.0,1.0,1.0,0.0,1.0,1.0,1.0,1.0,1.0,1.0,1.0,1.0,0.0,0.5517241379310345,0.5,0.5609756097560976,0.4634146341463415,1,2
1.0,1.0,1.0,1.0,0.0,0.0,1.0,1.0,1.0,1.0,1.0,1.0,1.0,1.0,1.0,1.0,1.0,1.0,0.4146341463414634,0.6585365853658537,0.46153846153846156,0.6923076923076923,10,27
0.0,0.0,0.0,1.0,1.0,0.0,0.0,1.0,1.0,0.0,0.0,0.0,0.0,0.0,0.0,0.0,1.0,0.0,0.3880597014925373,0.6119402985074627,0.3684210526315789,0.47368421052631576,1,17
0.0,0.0,0.0,0.0,1.0,0.0,0.0,1.0,1.0,1.0,1.0,1.0,1.0,1.0,1.0,1.0,1.0,1.0,,,0.75,0.29545454545454547,4,6
0.4696969696969697,0.4696969696969697,0.4696969696969697,0.4696969696969697,1.0,0.6969696969696969,1.0,1.0,1.0,1.0,1.0,1.0,1.0,1.0,1.0,1.0,1.0,0.015151515151515152,0.375,0.5694444444444444,0.48,0.4,2,11
1.0,0.0,1.0,1.0,1.0,1.0,1.0,1.0,1.0,1.0,1.0,1.0,1.0,1.0,1.0,1.0,1.0,1.0,0.375,0.5694444444444444,0.48,0.4,0,3
1.0,1.0,1.0,1.0,1.0,1.0,1.0,1.0,1.0,0.0,1.0,1.0,1.0,1.0,1.0,1.0,1.0,1.0,0.375,0.5694444444444444,0.48,0.4,1,3
1.0,1.0,1.0,1.0,1.0,1.0,0.7142857142857143,1.0,1.0,1.0,1.0,1.0,1.0,1.0,1.0,1.0,1.0,1.0,0.4074074074074074,0.6296296296296297,0.4772727272727273,0.4772727272727273,0,6
1.0,0.9,0.9,1.0,0.8,0.8,0.8,1.0,1.0,1.0,1.0,1.0,1.0,1.0,1.0,1.0,1.0,1.0,,,0.4,0.5333333333333333,0,4
1.0,0.16666666666666666,0.6666666666666666,1.0,1.0,0.0,0.0,1.0,0.8333333333333333,0.5,0.16666666666666666,0.5,1.0,1.0,1.0,0.5,1.0,1.0,0.39285714285714285,0.7142857142857143,0.5263157894736842,0.5263157894736842,0,3
1.0,1.0,1.0,1.0,1.0,1.0,1.0,1.0,1.0,1.0,1.0,1.0,1.0,1.0,1.0,1.0,1.0,1.0,,,0.6041666666666666,0.2708333333333333,0,1
0.0,0.7090909090909091,0.9454545454545454,0.05454545454545454,0.05454545454545454,0.0,0.5454545454545454,0.0,0.9272727272727274,0.09090909090909091,1.0,1.0,1.0,1.0,1.0,0.018181818181818184,1.0,0.0,,,0.47619047619047616,0.5,1,10
1.0,1.0,1.0,1.0,1.0,1.0,1.0,1.0,1.0,1.0,1.0,1.0,1.0,1.0,1.0,1.0,1.0,1.0,,,0.48936170212765956,0.425531914893617,0,3
0.0,0.0,0.0,1.0,1.0,0.0,1.0,1.0,0.0,1.0,0.6666666666666666,1.0,1.0,1.0,1.0,0.0,1.0,1.0,,,0.47058823529411764,0.6176470588235294,1,5
0.0,0.0,0.0,0.0,0.0,0.0,0.0,1.0,1.0,1.0,1.0,1.0,0.0,1.0,1.0,1.0,1.0,1.0,,,0.47058823529411764,0.6176470588235294,0,1
0.0,1.0,1.0,0.0,1.0,1.0,1.0,1.0,1.0,0.0,1.0,1.0,1.0,1.0,1.0,1.0,1.0,1.0,,,0.6041666666666666,0.2708333333333333,0,1
1.0,1.0,1.0,1.0,1.0,1.0,1.0,1.0,1.0,1.0,1.0,1.0,1.0,1.0,1.0,1.0,1.0,1.0,0.5675675675675675,0.35135135135135137,0.6341463414634146,0.3902439024390244,0,1
0.18716577540106955,1.0,0.411764705882353,0.21390374331550804,0.4901960784313726,1.0,1.0,1.0,1.0,0.3048128342245989,0.0,0.0,1.0,1.0,1.0,1.0,1.0,0.0,0.40625,0.609375,0.5277777777777778,0.5833333333333334,20,33
1.0,1.0,1.0,1.0,1.0,1.0,1.0,1.0,1.0,1.0,0.0,1.0,1.0,1.0,1.0,1.0,1.0,0.0,,,0.74,0.28,0,1
1.0,1.0,1.0,1.0,1.0,1.0,1.0,1.0,1.0,1.0,1.0,1.0,1.0,1.0,1.0,1.0,1.0,1.0,,,0.75,0.29545454545454547,0,1
1.0,1.0,1.0,1.0,1.0,1.0,1.0,1.0,1.0,1.0,1.0,1.0,1.0,1.0,1.0,1.0,1.0,1.0,,,,,0,1
1.0,1.0,1.0,1.0,1.0,1.0,1.0,1.0,1.0,1.0,1.0,1.0,1.0,1.0,1.0,1.0,1.0,1.0,0.5,0.40625,0.574468085106383,0.2978723404255319,0,1
1.0,1.0,1.0,1.0,1.0,1.0,1.0,1.0,1.0,1.0,1.0,1.0,1.0,1.0,1.0,1.0,1.0,1.0,,,0.5,0.3076923076923077,0,1
1.0,0.0,1.0,1.0,0.0,1.0,1.0,1.0,1.0,1.0,1.0,1.0,1.0,1.0,1.0,1.0,1.0,1.0,0.5517241379310345,0.5,0.5609756097560976,0.4634146341463415,0,2
1.0,1.0,1.0,0.0,1.0,1.0,1.0,1.0,1.0,1.0,1.0,1.0,1.0,1.0,1.0,1.0,1.0,1.0,0.4074074074074074,0.6296296296296297,0.6,0.5333333333333333,3,4
1.0,1.0,1.0,1.0,1.0,1.0,1.0,1.0,1.0,0.0,1.0,1.0,1.0,1.0,1.0,1.0,1.0,1.0,0.4146341463414634,0.6585365853658537,0.46153846153846156,0.6923076923076923,,11
0.0,1.0,1.0,0.0,0.0,0.0,1.0,1.0,1.0,1.0,1.0,1.0,1.0,1.0,1.0,1.0,1.0,1.0,0.4098360655737705,0.5737704918032787,0.43333333333333335,0.6,3,4
0.0,0.0,1.0,1.0,1.0,0.5,0.5,1.0,1.0,1.0,1.0,1.0,1.0,1.0,1.0,1.0,1.0,1.0,0.38636363636363635,0.5681818181818182,0.42857142857142855,0.6190476190476191,0,3
1.0,1.0,1.0,1.0,1.0,1.0,1.0,1.0,1.0,0.0,1.0,1.0,1.0,1.0,1.0,1.0,1.0,1.0,0.3684210526315789,0.5964912280701754,0.5,0.5,0,5
1.0,1.0,1.0,1.0,1.0,1.0,1.0,1.0,1.0,1.0,1.0,1.0,1.0,1.0,1.0,1.0,1.0,0.0,0.4098360655737705,0.5737704918032787,0.5,0.4375,1,2
1.0,1.0,1.0,1.0,1.0,1.0,1.0,1.0,1.0,1.0,1.0,1.0,1.0,1.0,1.0,1.0,1.0,1.0,0.4117647058823529,0.6274509803921569,0.5714285714285714,0.5714285714285714,1,2
0.0,1.0,0.0,0.0,0.0,0.0,0.0,0.0,1.0,1.0,0.0,0.0,0.0,1.0,1.0,1.0,1.0,1.0,0.4098360655737705,0.5737704918032787,0.46511627906976744,0.4883720930232558,,3
1.0,1.0,1.0,1.0,1.0,1.0,1.0,1.0,1.0,1.0,0.6818181818181818,1.0,1.0,1.0,0.015151515151515152,1.0,1.0,1.0,,,0.3870967741935484,0.5806451612903226,1,11
1.0,1.0,1.0,1.0,0.9333333333333333,0.167816091954023,1.0,1.0,1.0,0.034482758620689655,0.9333333333333333,0.12643678160919541,1.0,1.0,1.0,1.0,0.7885057471264367,0.0,0.4146341463414634,0.6585365853658537,0.46153846153846156,0.6923076923076923,8,29
0.3,0.0,0.0,1.0,1.0,1.0,1.0,1.0,1.0,0.0,1.0,1.0,1.0,1.0,1.0,1.0,1.0,0.0,,,0.5,0.4375,0,4
0.2857142857142857,0.0,0.2857142857142857,1.0,1.0,1.0,1.0,1.0,1.0,0.0,0.5238095238095238,1.0,1.0,1.0,1.0,1.0,1.0,0.0,,,0.6666666666666666,0.4,5,6
0.25238095238095243,0.41904761904761917,0.5476190476190477,0.5476190476190477,0.25238095238095243,0.07142857142857144,0.1952380952380953,0.7047619047619049,0.5333333333333334,0.5571428571428573,0.5571428571428573,0.6571428571428573,0.6571428571428573,0.6571428571428573,0.19523809523809527,0.6571428571428573,1.0,1.0,,,0.6486486486486487,0.5675675675675675,9,20
0.0,0.1,1.0,1.0,1.0,0.0,0.0,0.0,0.0,1.0,0.8,1.0,1.0,1.0,1.0,1.0,1.0,1.0,,,0.5897435897435898,0.48717948717948717,0,4
1.0,1.0,1.0,1.0,1.0,1.0,1.0,1.0,1.0,1.0,1.0,1.0,1.0,1.0,1.0,1.0,1.0,1.0,,,0.6428571428571429,0.35714285714285715,3,4
1.0,1.0,1.0,1.0,0.8225108225108225,0.8225108225108225,0.8225108225108225,1.0,1.0,1.0,1.0,1.0,1.0,0.8225108225108225,1.0,1.0,1.0,1.0,0.6071428571428571,0.4642857142857143,0.5128205128205128,0.5384615384615384,20,21
1.0,1.0,1.0,1.0,1.0,1.0,1.0,1.0,1.0,0.0,1.0,1.0,1.0,1.0,0.0,0.0,1.0,1.0,0.625,0.5,0.5,0.6470588235294118,0,6
1.0,1.0,1.0,1.0,0.2948717948717948,0.0,1.0,0.0,1.0,0.0,1.0,0.0,1.0,0.7051282051282051,1.0,0.0,1.0,1.0,0.34615384615384615,0.6153846153846154,0.39285714285714285,0.75,1,12
1.0,1.0,1.0,1.0,1.0,1.0,1.0,1.0,1.0,0.0,0.0,0.0,0.0,0.4945054945054945,0.0,0.0,1.0,1.0,0.37037037037037035,0.7037037037037037,0.3103448275862069,0.7931034482758621,1,13
1.0,1.0,1.0,1.0,1.0,1.0,1.0,1.0,1.0,1.0,0.0,1.0,1.0,1.0,1.0,1.0,1.0,1.0,0.3409090909090909,0.6136363636363636,0.36363636363636365,0.5681818181818182,0,12
0.0,0.0,1.0,0.0,1.0,1.0,0.0,1.0,1.0,1.0,1.0,1.0,1.0,1.0,1.0,1.0,1.0,1.0,,,0.46153846153846156,0.6923076923076923,19,36
1.0,1.0,1.0,0.0,0.0,0.0,0.0,1.0,1.0,0.0,1.0,1.0,1.0,0.0,0.0,0.0,0.0,1.0,0.6,0.48,0.46875,0.59375,0,7
1.0,1.0,1.0,1.0,1.0,1.0,1.0,1.0,1.0,0.047619047619047616,1.0,1.0,1.0,1.0,1.0,1.0,1.0,1.0,0.4375,0.625,0.47619047619047616,0.6190476190476191,1,6
1.0,1.0,1.0,1.0,1.0,1.0,1.0,1.0,1.0,1.0,1.0,1.0,1.0,1.0,1.0,1.0,1.0,1.0,,,0.43478260869565216,0.5652173913043478,0,1
1.0,1.0,1.0,1.0,1.0,1.0,1.0,1.0,1.0,1.0,1.0,1.0,1.0,1.0,1.0,1.0,1.0,1.0,0.47619047619047616,0.6190476190476191,0.47619047619047616,0.5,4,5
1.0,1.0,1.0,1.0,1.0,1.0,1.0,1.0,1.0,1.0,1.0,1.0,0.0,1.0,0.0,1.0,1.0,1.0,,,0.47058823529411764,0.6176470588235294,0,11
1.0,1.0,1.0,1.0,0.0,1.0,1.0,1.0,1.0,1.0,1.0,1.0,1.0,1.0,1.0,1.0,1.0,1.0,0.44680851063829785,0.5957446808510638,0.5897435897435898,0.48717948717948717,4,8
1.0,1.0,1.0,1.0,1.0,1.0,1.0,1.0,1.0,1.0,1.0,1.0,1.0,1.0,1.0,1.0,1.0,1.0,0.36,0.56,0.4,0.7,0,5
1.0,1.0,1.0,1.0,1.0,1.0,1.0,1.0,1.0,1.0,1.0,1.0,1.0,1.0,1.0,1.0,1.0,1.0,,,0.5526315789473685,0.47368421052631576,0,2
1.0,1.0,1.0,1.0,1.0,1.0,1.0,1.0,1.0,1.0,1.0,1.0,1.0,1.0,1.0,1.0,1.0,1.0,,,,,,1
1.0,1.0,0.7692307692307693,0.7692307692307693,1.0,1.0,1.0,1.0,1.0,1.0,0.0,1.0,0.0,1.0,1.0,1.0,1.0,0.0,0.4146341463414634,0.6585365853658537,0.46153846153846156,0.6923076923076923,4,38
1.0,1.0,1.0,1.0,1.0,1.0,1.0,1.0,1.0,1.0,1.0,1.0,1.0,1.0,1.0,1.0,1.0,1.0,,,0.6486486486486487,0.5675675675675675,0,1
1.0,1.0,1.0,1.0,1.0,1.0,1.0,1.0,0.8333333333333333,0.6666666666666666,0.6666666666666666,1.0,1.0,1.0,1.0,1.0,1.0,1.0,,,0.47058823529411764,0.6176470588235294,1,3
1.0,1.0,1.0,1.0,1.0,1.0,1.0,1.0,1.0,1.0,0.9333333333333332,1.0,1.0,1.0,1.0,1.0,1.0,1.0,0.4146341463414634,0.6585365853658537,0.4117647058823529,0.47058823529411764,0,5
0.0,1.0,1.0,1.0,1.0,0.0,1.0,1.0,1.0,1.0,1.0,1.0,1.0,1.0,1.0,1.0,1.0,1.0,,,0.47058823529411764,0.6176470588235294,1,2
1.0,1.0,1.0,1.0,1.0,0.0,0.0,1.0,1.0,1.0,1.0,1.0,1.0,1.0,1.0,1.0,1.0,0.0,,,0.5,0.5,0,1
1.0,1.0,1.0,1.0,1.0,0.0,0.0,1.0,1.0,0.0,1.0,1.0,1.0,1.0,1.0,1.0,1.0,1.0,,,0.47058823529411764,0.6176470588235294,0,2
1.0,1.0,1.0,1.0,1.0,1.0,1.0,1.0,1.0,1.0,1.0,1.0,1.0,1.0,1.0,1.0,1.0,1.0,0.28,0.56,0.3695652173913043,0.5434782608695652,1,2
1.0,1.0,1.0,1.0,1.0,1.0,1.0,1.0,1.0,1.0,1.0,1.0,1.0,1.0,1.0,1.0,1.0,0.0,0.3469387755102041,0.5714285714285714,0.35294117647058826,0.5294117647058824,1,2
1.0,1.0,1.0,1.0,1.0,1.0,1.0,1.0,1.0,1.0,1.0,1.0,1.0,1.0,1.0,1.0,1.0,0.0,0.44680851063829785,0.5531914893617021,0.46511627906976744,0.5813953488372093,38,40
1.0,1.0,1.0,1.0,1.0,1.0,1.0,1.0,1.0,1.0,1.0,1.0,1.0,1.0,1.0,1.0,1.0,1.0,0.4146341463414634,0.6585365853658537,0.4117647058823529,0.47058823529411764,0,4
0.0,0.0,0.0,0.0,1.0,0.7142857142857143,1.0,1.0,1.0,1.0,1.0,1.0,1.0,1.0,1.0,1.0,1.0,0.0,0.5087719298245614,0.47368421052631576,0.5,0.4523809523809524,2,6
1.0,1.0,1.0,1.0,1.0,1.0,1.0,1.0,1.0,1.0,0.8761904761904762,1.0,1.0,1.0,1.0,1.0,1.0,1.0,,,,,12,14
1.0,0.0,1.0,1.0,1.0,1.0,1.0,1.0,1.0,1.0,1.0,1.0,1.0,1.0,1.0,1.0,1.0,1.0,,,0.5238095238095238,0.3333333333333333,1,3
0.0,1.0,1.0,0.0,0.0,0.0,0.5321637426900585,1.0,0.0,1.0,1.0,1.0,1.0,1.0,1.0,1.0,1.0,1.0,,,0.5555555555555556,0.5277777777777778,13,18
0.06401137980085349,1.0,0.06401137980085349,0.0,0.06401137980085349,0.06401137980085349,1.0,1.0,1.0,1.0,1.0,1.0,1.0,1.0,1.0,1.0,1.0,1.0,,,0.3888888888888889,0.2222222222222222,9,37
0.0,0.0,1.0,0.0,1.0,0.0,0.0,1.0,0.0,1.0,0.5,1.0,1.0,1.0,1.0,1.0,1.0,0.0,,,0.3103448275862069,0.7931034482758621,0,3
0.6,1.0,1.0,1.0,1.0,0.20000000000000004,0.4000000000000001,1.0,1.0,0.6666666666666666,1.0,1.0,1.0,1.0,1.0,0.6666666666666666,0.7333333333333334,1.0,0.37037037037037035,0.7037037037037037,0.3103448275862069,0.7931034482758621,2,5
1.0,1.0,1.0,1.0,1.0,1.0,0.6666666666666666,1.0,1.0,1.0,1.0,1.0,1.0,1.0,1.0,0.6666666666666666,1.0,1.0,0.35714285714285715,0.6785714285714286,0.3225806451612903,0.6774193548387096,1,3
1.0,1.0,1.0,1.0,1.0,1.0,1.0,1.0,1.0,1.0,1.0,1.0,1.0,1.0,1.0,1.0,1.0,0.0,,,0.0,0.36363636363636365,0,1
1.0,1.0,1.0,1.0,1.0,1.0,1.0,1.0,1.0,1.0,1.0,1.0,1.0,1.0,1.0,1.0,1.0,1.0,0.3333333333333333,0.2222222222222222,0.1,0.1,0,1
1.0,1.0,1.0,1.0,1.0,1.0,1.0,1.0,1.0,1.0,1.0,1.0,1.0,1.0,1.0,1.0,1.0,1.0,0.3333333333333333,0.2916666666666667,0.3888888888888889,0.2222222222222222,1,2
1.0,1.0,1.0,1.0,1.0,1.0,1.0,1.0,1.0,0.0,1.0,1.0,1.0,1.0,1.0,1.0,1.0,1.0,,,,,0,1
1.0,1.0,1.0,1.0,1.0,1.0,1.0,1.0,1.0,1.0,1.0,1.0,1.0,1.0,1.0,1.0,1.0,1.0,,,0.25,0.08333333333333333,0,1
1.0,1.0,1.0,1.0,1.0,1.0,1.0,1.0,1.0,1.0,1.0,1.0,1.0,1.0,1.0,1.0,1.0,1.0,,,,,0,1
1.0,1.0,1.0,1.0,1.0,1.0,1.0,1.0,1.0,1.0,1.0,1.0,1.0,0.0,0.0,1.0,1.0,1.0,,,0.07692307692307693,0.38461538461538464,0,1
1.0,1.0,1.0,1.0,1.0,1.0,1.0,1.0,1.0,1.0,1.0,1.0,1.0,1.0,1.0,1.0,1.0,1.0,,,,,0,1
1.0,1.0,1.0,1.0,1.0,0.0,1.0,0.0,0.0,1.0,1.0,1.0,1.0,1.0,1.0,1.0,1.0,1.0,,,0.5,0.1,0,1
0.6476190476190478,0.6476190476190478,0.8142857142857143,1.0,0.261904761904762,0.6476190476190478,0.6476190476190478,0.6476190476190478,1.0,1.0,1.0,1.0,1.0,1.0,0.7285714285714286,1.0,1.0,0.0,0.4909090909090909,0.5272727272727272,0.6341463414634146,0.3902439024390244,1,20
1.0,1.0,1.0,1.0,1.0,1.0,1.0,1.0,1.0,1.0,1.0,1.0,1.0,1.0,1.0,1.0,1.0,1.0,0.5675675675675675,0.35135135135135137,0.6341463414634146,0.3902439024390244,2,14
0.0,0.0,0.0,1.0,0.509090909090909,0.509090909090909,0.509090909090909,0.0,1.0,1.0,1.0,1.0,1.0,1.0,1.0,1.0,1.0,0.0,0.4909090909090909,0.5272727272727272,0.6341463414634146,0.3902439024390244,3,10
0.5454545454545454,0.5454545454545454,0.5454545454545454,1.0,0.5454545454545454,0.5454545454545454,0.5454545454545454,1.0,1.0,1.0,1.0,1.0,1.0,1.0,0.6818181818181818,1.0,1.0,0.0,0.4909090909090909,0.5272727272727272,0.38461538461538464,0.5384615384615384,8,11
1.0,0.0,1.0,1.0,0.0,0.0,1.0,0.0,1.0,0.5714285714285714,1.0,0.5714285714285714,1.0,1.0,1.0,1.0,0.0,0.0,0.3684210526315789,0.5964912280701754,0.4857142857142857,0.6285714285714286,0,14
1.0,1.0,1.0,1.0,1.0,1.0,1.0,1.0,1.0,1.0,1.0,1.0,1.0,1.0,1.0,1.0,1.0,0.0,0.29411764705882354,0.47058823529411764,0.21052631578947367,0.2631578947368421,5,10
1.0,0.0,1.0,1.0,1.0,1.0,1.0,1.0,1.0,1.0,1.0,1.0,1.0,1.0,1.0,1.0,1.0,1.0,0.3333333333333333,0.2222222222222222,0.4,0.2,0,6
1.0,0.0,1.0,1.0,0.0,0.0,1.0,1.0,0.0,1.0,1.0,1.0,1.0,1.0,1.0,1.0,1.0,1.0,,,0.36363636363636365,0.45454545454545453,0,1
1.0,1.0,1.0,1.0,1.0,1.0,1.0,1.0,1.0,1.0,1.0,1.0,1.0,1.0,1.0,1.0,1.0,1.0,,,0.3333333333333333,0.1111111111111111,0,1
1.0,1.0,1.0,1.0,1.0,1.0,1.0,1.0,1.0,1.0,1.0,1.0,1.0,1.0,1.0,1.0,1.0,1.0,,,0.46153846153846156,0.46153846153846156,1,2
1.0,1.0,1.0,1.0,1.0,1.0,1.0,1.0,1.0,1.0,1.0,1.0,1.0,1.0,1.0,1.0,1.0,1.0,0.5142857142857142,0.2857142857142857,0.4375,0.28125,4,8
0.4166666666666667,0.4166666666666667,1.0,1.0,1.0,1.0,0.2777777777777778,1.0,1.0,1.0,1.0,1.0,1.0,1.0,1.0,1.0,1.0,1.0,0.5142857142857142,0.2857142857142857,0.4375,0.28125,5,8
1.0,1.0,1.0,1.0,1.0,1.0,1.0,1.0,1.0,1.0,1.0,1.0,1.0,1.0,1.0,1.0,1.0,1.0,,,,,0,1
1.0,1.0,1.0,1.0,1.0,1.0,1.0,1.0,1.0,1.0,1.0,1.0,1.0,1.0,1.0,1.0,1.0,1.0,0.5882352941176471,0.4117647058823529,0.675,0.45,13,14
1.0,1.0,1.0,1.0,1.0,1.0,1.0,1.0,1.0,1.0,1.0,1.0,1.0,1.0,1.0,1.0,1.0,0.0,0.4166666666666667,0.4583333333333333,0.48936170212765956,0.425531914893617,0,1
0.6232269503546098,1.0,1.0,1.0,0.051418439716312055,1.0,1.0,1.0,1.0,0.4973404255319149,1.0,1.0,1.0,1.0,1.0,1.0,0.4973404255319149,0.41223404255319146,0.4,0.7333333333333333,0.3103448275862069,0.7931034482758621,0,47
0.5436734693877551,0.6048979591836735,0.746938775510204,0.6693877551020408,0.9648979591836735,0.8718367346938776,1.0,1.0,1.0,0.9044897959183673,1.0,1.0,1.0,1.0,1.0,1.0,1.0,1.0,0.4,0.7333333333333333,0.3870967741935484,0.5806451612903226,4,49
1.0,1.0,1.0,1.0,0.19480519480519476,0.19480519480519476,0.19480519480519476,1.0,1.0,1.0,1.0,1.0,1.0,1.0,1.0,1.0,1.0,0.28571428571428564,0.40625,0.609375,0.5128205128205128,0.46153846153846156,8,21
1.0,1.0,1.0,0.936231884057971,1.0,1.0,1.0,1.0,1.0,0.4579710144927536,1.0,0.4579710144927536,1.0,1.0,1.0,1.0,1.0,1.0,0.4,0.7333333333333333,0.3103448275862069,0.7931034482758621,18,45
1.0,1.0,1.0,1.0,1.0,1.0,1.0,1.0,1.0,1.0,1.0,1.0,1.0,1.0,1.0,1.0,1.0,1.0,0.3333333333333333,0.3333333333333333,0.375,0.375,0,1
0.0,0.0,1.0,0.0,1.0,1.0,1.0,1.0,1.0,0.0,0.0,1.0,1.0,1.0,0.0,1.0,0.0,1.0,0.3333333333333333,0.3333333333333333,0.375,0.375,1,4
0.0,0.0,1.0,0.0,1.0,1.0,1.0,1.0,1.0,0.0,0.0,1.0,1.0,1.0,0.0,1.0,0.0,1.0,0.3333333333333333,0.3333333333333333,0.375,0.375,3,4
1.0,1.0,1.0,1.0,1.0,1.0,1.0,1.0,1.0,0.22067363530778167,1.0,1.0,1.0,1.0,1.0,0.017421602787456445,1.0,1.0,0.4,0.7333333333333333,0.3103448275862069,0.7931034482758621,12,41
0.6691176470588235,0.6691176470588235,1.0,0.0,0.0,0.0,0.0,1.0,1.0,0.0,0.0,1.0,0.0,0.0,0.0,0.0,1.0,1.0,0.47619047619047616,0.6190476190476191,0.5,0.6470588235294118,7,16
1.0,1.0,1.0,1.0,1.0,1.0,1.0,1.0,1.0,1.0,0.0,1.0,1.0,1.0,1.0,1.0,1.0,1.0,,,0.3333333333333333,0.25,0,1
0.9653679653679652,0.9480519480519479,0.17748917748917745,0.9220779220779218,0.8831168831168829,0.17748917748917745,1.0,0.17748917748917745,1.0,0.9047619047619044,0.8787878787878786,1.0,1.0,0.9437229437229436,0.9523809523809522,0.8441558441558439,1.0,1.0,0.4166666666666667,0.4583333333333333,0.48936170212765956,0.425531914893617,7,21
0.5181159420289855,0.9492753623188407,0.6195652173913043,0.8333333333333335,0.8333333333333335,0.47826086956521735,1.0,0.7463768115942028,1.0,1.0,1.0,1.0,1.0,1.0,0.927536231884058,1.0,1.0,0.6702898550724637,0.4166666666666667,0.4583333333333333,0.5128205128205128,0.5641025641025641,9,23
0.0,0.19230769230769232,0.0,1.0,0.0,0.0,0.0,0.0,1.0,1.0,1.0,1.0,1.0,1.0,1.0,1.0,1.0,1.0,0.46153846153846156,0.5,0.5128205128205128,0.5384615384615384,0,12
1.0,1.0,1.0,1.0,1.0,1.0,1.0,1.0,1.0,1.0,1.0,1.0,1.0,1.0,1.0,1.0,1.0,1.0,0.4444444444444444,0.2777777777777778,0.34375,0.25,6,7
1.0,1.0,1.0,1.0,1.0,1.0,1.0,1.0,1.0,1.0,1.0,1.0,1.0,1.0,1.0,1.0,1.0,1.0,,,0.3888888888888889,0.25,0,1
0.8052631578947368,0.9,1.0,0.7157894736842104,0.47894736842105257,0.34736842105263155,1.0,1.0,1.0,0.0,0.0,1.0,0.9,1.0,1.0,1.0,1.0,0.0,0.5714285714285714,0.37142857142857144,0.5428571428571428,0.37142857142857144,16,19
0.6363636363636364,0.509090909090909,1.0,0.509090909090909,0.5454545454545454,0.5454545454545454,0.49090909090909096,1.0,0.9454545454545454,1.0,0.890909090909091,0.8727272727272726,1.0,1.0,1.0,0.6000000000000001,0.7636363636363636,1.0,,,0.5208333333333334,0.3541666666666667,1,10
1.0,1.0,1.0,1.0,1.0,1.0,1.0,1.0,1.0,1.0,0.6071428571428571,1.0,1.0,1.0,1.0,0.9642857142857143,1.0,0.0,,,0.3684210526315789,0.47368421052631576,1,7
1.0,1.0,1.0,1.0,1.0,1.0,0.0,1.0,0.0,1.0,1.0,1.0,1.0,1.0,1.0,1.0,1.0,1.0,,,0.5,0.3076923076923077,0,1
1.0,1.0,1.0,0.13289036544850502,1.0,0.1162790697674419,0.1162790697674419,1.0,1.0,0.0,0.0,0.0,0.0,0.0,0.0,0.0,0.0,1.0,0.37037037037037035,0.7037037037037037,0.3103448275862069,0.7931034482758621,21,42
1.0,1.0,1.0,1.0,1.0,1.0,1.0,1.0,1.0,1.0,1.0,1.0,1.0,1.0,1.0,1.0,1.0,1.0,,,0.5,0.3076923076923077,0,1
1.0,1.0,1.0,1.0,1.0,1.0,1.0,1.0,1.0,1.0,1.0,1.0,1.0,1.0,1.0,1.0,1.0,1.0,,,0.48,0.4,0,1
1.0,1.0,1.0,1.0,1.0,1.0,1.0,1.0,1.0,0.0,1.0,1.0,1.0,1.0,1.0,1.0,1.0,0.0,,,0.4,0.5333333333333333,0,1
1.0,0.0,1.0,1.0,1.0,0.0,1.0,0.0,1.0,1.0,1.0,1.0,1.0,1.0,1.0,1.0,1.0,1.0,,,0.4,0.5333333333333333,0,1
1.0,1.0,1.0,1.0,1.0,1.0,1.0,1.0,1.0,1.0,1.0,1.0,1.0,1.0,1.0,1.0,1.0,1.0,0.4782608695652174,0.5217391304347826,0.46511627906976744,0.4883720930232558,0,1
1.0,1.0,1.0,1.0,1.0,1.0,1.0,1.0,1.0,1.0,1.0,1.0,1.0,1.0,1.0,1.0,1.0,1.0,,,0.4772727272727273,0.4772727272727273,0,1
0.021739130434782608,0.021739130434782608,0.8586956521739131,0.5869565217391304,0.782608695652174,0.8586956521739131,1.0,0.021739130434782608,1.0,0.0,0.0,0.6413043478260869,0.0,1.0,0.5652173913043478,0.0,0.8913043478260869,1.0,,,,,13,23
1.0,1.0,1.0,1.0,1.0,1.0,1.0,1.0,1.0,0.3710359408033827,0.3710359408033827,0.8668076109936574,1.0,1.0,0.9545454545454546,1.0,0.9556025369978858,1.0,0.4,0.7333333333333333,0.3103448275862069,0.7931034482758621,37,43
1.0,1.0,1.0,1.0,1.0,1.0,1.0,1.0,1.0,1.0,1.0,1.0,1.0,1.0,1.0,1.0,1.0,0.0,0.38636363636363635,0.5681818181818182,,,20,21
1.0,1.0,1.0,1.0,1.0,1.0,1.0,1.0,1.0,1.0,1.0,1.0,1.0,1.0,1.0,0.0,1.0,1.0,0.37037037037037035,0.7037037037037037,0.3103448275862069,0.7931034482758621,0,2
1.0,1.0,1.0,1.0,1.0,1.0,1.0,1.0,1.0,1.0,1.0,1.0,1.0,1.0,1.0,1.0,1.0,1.0,0.5882352941176471,0.4117647058823529,0.4146341463414634,0.4878048780487805,0,10
1.0,1.0,1.0,1.0,1.0,1.0,1.0,1.0,1.0,1.0,1.0,1.0,1.0,1.0,1.0,1.0,1.0,1.0,0.4722222222222222,0.2777777777777778,0.575,0.5,1,28
1.0,1.0,1.0,1.0,0.3333333333333333,0.0,1.0,0.3333333333333333,1.0,0.3333333333333333,1.0,1.0,1.0,1.0,1.0,0.3333333333333333,1.0,1.0,0.37037037037037035,0.7037037037037037,0.3103448275862069,0.7931034482758621,0,2
1.0,1.0,1.0,1.0,1.0,1.0,1.0,1.0,1.0,1.0,1.0,1.0,1.0,1.0,1.0,1.0,1.0,1.0,0.5272727272727272,0.4727272727272727,0.525,0.45,6,7
1.0,1.0,1.0,1.0,1.0,1.0,1.0,1.0,1.0,0.0,1.0,1.0,0.0,1.0,1.0,1.0,1.0,1.0,,,0.5833333333333334,0.5277777777777778,4,13
1.0,1.0,1.0,1.0,1.0,1.0,1.0,1.0,1.0,1.0,1.0,1.0,1.0,1.0,1.0,1.0,1.0,0.0,,,0.5,0.2727272727272727,2,12
1.0,1.0,1.0,1.0,1.0,1.0,1.0,1.0,1.0,0.6222222222222222,0.6222222222222222,1.0,1.0,0.13333333333333333,1.0,0.6222222222222222,1.0,1.0,0.37037037037037035,0.7037037037037037,0.46153846153846156,0.6923076923076923,7,9
1.0,1.0,1.0,1.0,1.0,1.0,1.0,1.0,1.0,1.0,1.0,1.0,1.0,1.0,1.0,1.0,1.0,1.0,0.4444444444444444,0.2777777777777778,0.5789473684210527,0.5,2,12
1.0,1.0,1.0,1.0,1.0,1.0,1.0,1.0,1.0,1.0,0.5,1.0,1.0,1.0,1.0,1.0,1.0,1.0,,,0.3870967741935484,0.5806451612903226,1,3
1.0,1.0,1.0,1.0,0.0,0.0,1.0,1.0,1.0,1.0,1.0,1.0,1.0,1.0,1.0,1.0,1.0,1.0,0.5789473684210527,0.47368421052631576,0.5238095238095238,0.42857142857142855,1,4
1.0,1.0,1.0,1.0,1.0,1.0,1.0,1.0,1.0,1.0,1.0,1.0,1.0,1.0,1.0,1.0,1.0,1.0,0.49056603773584906,0.5283018867924528,0.4583333333333333,0.5833333333333334,7,8
1.0,1.0,1.0,1.0,1.0,1.0,1.0,1.0,1.0,1.0,1.0,1.0,1.0,1.0,1.0,1.0,1.0,1.0,0.5,0.46875,0.45454545454545453,0.6363636363636364,1,2
1.0,1.0,1.0,1.0,1.0,1.0,1.0,1.0,1.0,0.0,1.0,1.0,1.0,1.0,1.0,1.0,1.0,1.0,0.3888888888888889,0.4444444444444444,0.2631578947368421,0.3157894736842105,0,16
1.0,1.0,1.0,1.0,1.0,1.0,1.0,1.0,1.0,0.0,0.0,1.0,0.0,1.0,1.0,1.0,1.0,1.0,0.4146341463414634,0.6585365853658537,0.46153846153846156,0.6923076923076923,1,3
1.0,1.0,1.0,1.0,1.0,1.0,1.0,1.0,1.0,1.0,1.0,1.0,1.0,1.0,1.0,1.0,1.0,1.0,0.5087719298245614,0.47368421052631576,0.45454545454545453,0.5454545454545454,0,6
0.0,0.0,1.0,0.0,0.0,0.0,1.0,1.0,1.0,1.0,1.0,1.0,1.0,1.0,1.0,1.0,1.0,1.0,,,0.4,0.5428571428571428,0,1
1.0,1.0,1.0,1.0,1.0,1.0,1.0,1.0,1.0,1.0,1.0,1.0,1.0,1.0,1.0,1.0,1.0,1.0,0.4146341463414634,0.6585365853658537,0.46153846153846156,0.6923076923076923,0,1
1.0,0.0,1.0,1.0,1.0,1.0,1.0,1.0,1.0,1.0,1.0,1.0,1.0,1.0,1.0,1.0,1.0,1.0,,,0.3870967741935484,0.5806451612903226,3,4
1.0,1.0,1.0,1.0,1.0,1.0,1.0,1.0,1.0,1.0,1.0,1.0,1.0,1.0,1.0,1.0,1.0,1.0,,,0.16666666666666666,0.08333333333333333,0,1
1.0,1.0,1.0,1.0,1.0,1.0,1.0,1.0,1.0,1.0,1.0,1.0,1.0,1.0,1.0,1.0,1.0,1.0,0.375,0.5694444444444444,0.48,0.4,0,1
1.0,1.0,1.0,1.0,1.0,1.0,1.0,1.0,1.0,0.0,1.0,1.0,0.0,1.0,1.0,1.0,1.0,1.0,0.44680851063829785,0.5957446808510638,0.5897435897435898,0.48717948717948717,0,5
0.7835497835497833,0.7835497835497833,0.7835497835497833,0.7835497835497833,1.0,1.0,1.0,1.0,1.0,0.28571428571428564,0.8831168831168829,0.3376623376623376,0.4632034632034631,1.0,0.9393939393939391,0.9437229437229436,1.0,1.0,0.4146341463414634,0.6585365853658537,0.46153846153846156,0.6923076923076923,18,21
1.0,1.0,1.0,1.0,1.0,0.3333333333333333,0.3333333333333333,1.0,1.0,0.3333333333333333,0.3333333333333333,1.0,0.3333333333333333,0.3333333333333333,1.0,1.0,0.3333333333333333,0.3333333333333333,0.4146341463414634,0.6585365853658537,0.46153846153846156,0.6923076923076923,3,2
1.0,1.0,1.0,1.0,1.0,1.0,1.0,1.0,1.0,1.0,0.4166666666666667,0.4166666666666667,0.7777777777777778,1.0,1.0,1.0,0.5833333333333334,1.0,0.4,0.7333333333333333,0.3103448275862069,0.7931034482758621,2,8
1.0,1.0,0.9397163120567379,0.9397163120567379,1.0,0.9397163120567379,1.0,1.0,1.0,1.0,1.0,1.0,0.9583333333333334,1.0,0.9583333333333334,1.0,1.0,0.0,0.4146341463414634,0.6585365853658537,0.46153846153846156,0.6923076923076923,10,47
1.0,1.0,1.0,1.0,1.0,1.0,1.0,1.0,1.0,0.0,0.0,0.0,0.0,0.0,0.0,0.0,1.0,1.0,,,,,2,3
0.00966183574879227,0.00966183574879227,1.0,1.0,0.9835748792270532,1.0,1.0,1.0,1.0,1.0,1.0,1.0,1.0,1.0,1.0,1.0,1.0,1.0,,,,,3,45
0.0,1.0,1.0,0.0,0.0,0.0,1.0,1.0,0.0,1.0,1.0,1.0,1.0,1.0,1.0,1.0,1.0,1.0,,,,,,13
0.8901098901098902,0.8901098901098902,0.8901098901098902,0.8901098901098902,0.8901098901098902,1.0,1.0,1.0,1.0,0.0,0.06593406593406594,0.0,0.0,0.1098901098901099,1.0,0.0,1.0,1.0,,,,,1,13
0.0,1.0,1.0,1.0,1.0,1.0,1.0,1.0,0.0,1.0,1.0,1.0,1.0,1.0,1.0,1.0,1.0,1.0,0.5217391304347826,0.43478260869565216,0.5238095238095238,0.3333333333333333,0,2
0.0,0.0,0.0,1.0,1.0,0.0,1.0,1.0,1.0,0.0,0.0,0.0,1.0,1.0,0.0,1.0,1.0,0.0,0.4444444444444444,0.6031746031746031,0.44680851063829785,0.6170212765957447,2,17
1.0,1.0,1.0,1.0,1.0,1.0,1.0,1.0,1.0,1.0,1.0,1.0,1.0,1.0,1.0,1.0,1.0,1.0,,,,,0,1
1.0,1.0,1.0,1.0,1.0,1.0,1.0,1.0,1.0,1.0,1.0,1.0,1.0,1.0,1.0,1.0,1.0,1.0,0.4146341463414634,0.6585365853658537,0.4117647058823529,0.47058823529411764,0,1
1.0,1.0,1.0,1.0,1.0,1.0,1.0,1.0,1.0,1.0,1.0,1.0,1.0,1.0,1.0,1.0,1.0,1.0,,,,,0,2
1.0,0.358974358974359,1.0,1.0,1.0,1.0,1.0,1.0,1.0,1.0,1.0,1.0,1.0,1.0,1.0,1.0,1.0,0.0,,,0.45,0.35,9,12
0.0,1.0,1.0,1.0,0.0,0.0,1.0,1.0,1.0,1.0,1.0,1.0,1.0,1.0,1.0,1.0,1.0,1.0,,,,,8,23
